compound_FoxNews,pos_FoxNews,neg_FoxNews,neu_FoxNews,tweet_FoxNews,tweet_time_FoxNews,tweet_ago_FoxNews,compound_CNN,pos_CNN,neg_CNN,neu_CNN,tweet_CNN,tweet_time_CNN,tweet_ago_CNN,compound_CBS,pos_CBS,neg_CBS,neu_CBS,tweet_CBS,tweet_time_CBS,tweet_ago_CBS,compound_nytimes,pos_nytimes,neg_nytimes,neu_nytimes,tweet_nytimes,tweet_time_nytimes,tweet_ago_nytimes,compound_BBC,pos_BBC,neg_BBC,neu_BBC,tweet_BBC,tweet_time_BBC,tweet_ago_BBC
-0.1027,0.0,-0.072,0.928,.@nedryun: ‚ÄúI am stunned at this behavior. We are just over a year removed from @SteveScalise and Republicans being‚Ä¶ https://t.co/uVQJLmEEMS,2018-09-30 10:39:00+00:00,7.0,-0.2023,0.0,-0.087,0.913,Watch a rare gulper eel change its shape right before your eyes -- a unique method it uses to intimidate predators‚Ä¶ https://t.co/gypABygBOJ,2018-09-30 10:31:00+00:00,30.0,0.0,0.0,-0.0,1.0,"On @colbertlateshow, @TheNeighborhood's @CedEntertainer and Stephen recall the first time they met on a night when‚Ä¶ https://t.co/vjz1zVg4sR",2018-09-28 22:22:01+00:00,125.78,0.0,0.0,-0.0,1.0,A 2016 law in France penalized paying for sex instead of selling it. But some prostitutes say that law puts them in‚Ä¶ https://t.co/OUumvI7VM2,2018-09-30 10:31:06+00:00,31.03,-0.7579,0.048,-0.251,0.701,"This is disgusting. üòî

The Citarum River in Indonesia is one of the dirtiest rivers in the world. 

Plastic polluti‚Ä¶ https://t.co/F6z2NpXseT",2018-09-30 10:00:00+00:00,55.97
0.5106,0.148,-0.0,0.852,.@RCamposDuffy: ‚ÄúSo Matt Damon has millions of dollars to defend his name‚Ä¶but they‚Äôre gonna make fun of and critici‚Ä¶ https://t.co/osUkW6hgd9,2018-09-30 10:32:00+00:00,7.0,0.5719,0.198,-0.0,0.802,This Ohio town celebrated Christmas a few months early this year for a 2-year-old with brain cancer‚Ä¶ https://t.co/TCdGAOqMjl,2018-09-30 10:01:00+00:00,14.9,0.0,0.0,-0.0,1.0,".@happytogether's @wayansjr, @HereIsGina &amp; @latelateshow discuss the pros and cons of living with a pop star. Con:‚Ä¶ https://t.co/PLXFxfheW7",2018-09-28 20:16:14+00:00,143.55,-0.3612,0.0,-0.111,0.889,"""Rarely has the reputation of a leader fallen so far, so fast."" Aung San Suu Kyi: Nobel laureate, democracy icon an‚Ä¶ https://t.co/9pGdOIuE9q",2018-09-30 10:00:04+00:00,9.03,0.0,0.0,-0.0,1.0,"üêª Say hello to Kyra the sun bear... 

https://t.co/UvDxsG3QO1",2018-09-30 09:04:02+00:00,33.77
-0.9246,0.0,-0.59,0.41,"Maxine Waters denies staffer leaked GOP senators' data, blasts 'dangerous lies' and 'conspiracy theories' https://t.co/wgr7Wg2AjS",2018-09-30 10:25:00+00:00,10.0,0.0,0.0,-0.0,1.0,"Researchers used a gene editing tool to wipe out a population of malaria-carrying mosquitoes in a lab, raising the‚Ä¶ https://t.co/ddZoVrNJpa",2018-09-30 09:46:06+00:00,15.1,0.0,0.0,-0.0,1.0,"If you haven't seen @SEALTeamCBS, make it your mission to know them before the #SEALTeam Season 2 premiere October‚Ä¶ https://t.co/NhCPI3lZSV",2018-09-28 17:52:41+00:00,60.85,0.4939,0.262,-0.0,0.738,Indonesia Tsunami Toll Soars Amid Push to Save Survivors https://t.co/aN9ArAV2zX,2018-09-30 09:51:02+00:00,9.32,-0.5994,0.0,-0.302,0.698,RT @BBCWorld: Indonesia quake death toll 'at least 832' https://t.co/1VCcXxRrR4,2018-09-30 08:30:16+00:00,59.18
-0.5106,0.0,-0.292,0.708,Washington man gets prison for overharvesting sea cucumbers https://t.co/zx7hhdTHcs,2018-09-30 10:15:00+00:00,7.0,0.6597,0.252,-0.0,0.748,"Called ""The Passion Diamond Shoes"", these gold and diamond-encrusted stilettos are believed to be the world's most‚Ä¶ https://t.co/EKPsH2ugpG",2018-09-30 09:31:00+00:00,14.88,0.0,0.0,-0.0,1.0,"‚ö°Ô∏è ‚ÄúMurphy Brown Returns to CBS‚Äù

https://t.co/3vsAg7WcB1",2018-09-28 16:51:50+00:00,1232.53,0.0,0.0,-0.0,1.0,"Train stations, some remade and others crumbling, reflect the trajectories of their towns and cities. See what we f‚Ä¶ https://t.co/1SjefnRyYq",2018-09-30 09:41:43+00:00,17.08,0.0,0.124,-0.124,0.752,"For children with autism, the stress of taking photos can be overwhelming. To make things easier, eight-year-old Le‚Ä¶ https://t.co/U3hpweRK0D",2018-09-30 07:31:05+00:00,27.05
0.0,0.0,-0.0,1.0,Rep. Nancy Pelosi Calls Republicans 'Despicable' in Fundraising Email https://t.co/z3SG4ue2Ul,2018-09-30 10:08:00+00:00,7.98,-0.34,0.0,-0.194,0.806,"'Distracted boyfriend' meme is sexist, says Swedish ad watchdog https://t.co/hAReDzarXw https://t.co/gz4wFeQYgr",2018-09-30 09:16:07+00:00,15.03,0.0,0.0,-0.0,1.0,.@TheNeighborhood's @iamgreenfield revealing his Fiddler on the Roof goals on @latelateshow will be the earworm you‚Ä¶ https://t.co/swbh8HPwA1,2018-09-27 20:19:18+00:00,17.42,0.0,0.0,-0.0,1.0,"‚ÄúBolivia starts producing wine where everybody else stops,"" said one Bolivian winemaker https://t.co/ibmK0JbEaN",2018-09-30 09:24:38+00:00,16.48,0.5859,0.226,-0.0,0.774,"This. Is. Amazing. üòÆ

Introducing the World Pole Climbing Championships...

https://t.co/osulkhFFhQ",2018-09-30 07:04:02+00:00,631.98
0.0,0.0,-0.0,1.0,"President @realDonaldTrump addressed the FBI investigation into Judge Kavanaugh Saturday: ""Well, I think it's fine.‚Ä¶ https://t.co/MzNaxuVQcP",2018-09-30 10:00:01+00:00,8.02,0.0,0.0,-0.0,1.0,"Limiting kids' recreational screen time to less than 2 hours a day, along with sufficient sleep and physical activi‚Ä¶ https://t.co/5Wz1wYoid3",2018-09-30 09:01:05+00:00,30.08,0.0,0.0,-0.0,1.0,RT @MurphyBrownCBS: A moment 20 years in the making all comes down to this. #MurphyBrown returns to @CBS tonight! https://t.co/tWSMFM3YbG,2018-09-27 20:01:53+00:00,162.62,-0.3818,0.0,-0.126,0.874,"""Shock isn‚Äôt actually an emotion. It‚Äôs an amplification, or a performance, that masks the core reaction behind it ‚Äî‚Ä¶ https://t.co/k6KlzQ79Lf",2018-09-30 09:08:09+00:00,17.35,0.4215,0.257,-0.0,0.743,Chile has launched a huge hiking route through its Patagonian wilderness. üå≤üòçüèî  https://t.co/WFIcKZe5Hv https://t.co/RLKjTx2Emo,2018-09-29 20:32:03+00:00,209.85
-0.1132,0.232,-0.251,0.516,OPINION: Why is the Kavanaugh Supreme Court fight so vicious? Because government is too important https://t.co/NDCay9Dh7e,2018-09-30 09:52:00+00:00,7.0,0.2732,0.104,-0.0,0.896,SiriusXM is buying Pandora in a $3.5 billion all-stock deal. The deal will create the world's largest audio enterta‚Ä¶ https://t.co/LRwNGnJu88,2018-09-30 08:31:00+00:00,29.93,0.0,0.0,-0.0,1.0,"Candice Bergen tells @colbertlateshow the presidential way tonight's @MurphyBrownCBS premiere imitates life, albeit‚Ä¶ https://t.co/4Kbk8gt6nS",2018-09-27 17:19:16+00:00,21.13,0.0,0.0,-0.0,1.0,"A year into the #MeToo movement, has the marketing machinery of the red carpet changed at all? (The early answer is‚Ä¶ https://t.co/C9WU39FAfZ",2018-09-30 08:50:48+00:00,16.35,0.4215,0.135,-0.0,0.865,üê£üòç Conservationists have been monitoring the progress of rare Leach's storm petrel chicks on the remote Scottish ar‚Ä¶ https://t.co/KzMHUIysAO,2018-09-29 17:02:12+00:00,61.08
0.7579,0.394,-0.0,0.606,".@POTUS: ""America is winning again and America is respected again."" https://t.co/Hb6tsSw9Lg https://t.co/oHWP4VhOQq",2018-09-30 09:45:00+00:00,8.0,0.3612,0.143,-0.0,0.857,Stepping into this Seoul cafe feels like entering the black-and-white world of a cartoon https://t.co/t5qCzejhyj vi‚Ä¶ https://t.co/G7flwx8rEm,2018-09-30 08:01:04+00:00,10.3,-0.34,0.169,-0.25,0.581,@marlagardner222 @jay_hernandez Good idea. The theme song is a dead giveaway. üòâ,2018-09-27 16:58:08+00:00,973.92,0.0772,0.243,-0.175,0.582,"Consuming caffeine regularly may increase the ability to withstand pain, a small study suggests https://t.co/30KdfHy6bW",2018-09-30 08:34:27+00:00,17.02,-0.7003,0.0,-0.293,0.707,"'My children bought back the car I sold to pay for wife's cancer treatment'. ‚ù§Ô∏èÔ∏èüöò

https://t.co/xOJwzbgGlE https://t.co/Tx3WYCkCXu",2018-09-29 16:01:07+00:00,6.48
0.4588,0.2,-0.0,0.8,"Demi Lovato‚Äôs overdose sparked massive interest in Narcan, president says (via @FoxBusiness) https://t.co/XXffMHkho6",2018-09-30 09:37:00+00:00,6.98,-0.5994,0.0,-0.206,0.794,"The death toll from an earthquake and tsunami now exceeds 830 people,  Indonesian officials say.‚Ä¶ https://t.co/4qMtFf6m5O",2018-09-30 07:50:46+00:00,19.77,0.0,0.0,-0.0,1.0,@queenmama7777 @CBSAllAccess We believe in you! https://t.co/ZK0xaPRxVr,2018-09-27 00:44:13+00:00,1.97,-0.296,0.0,-0.239,0.761,No expensive equipment or fancy ingredients necessary https://t.co/R6IM2ySjhY,2018-09-30 08:17:26+00:00,16.88,0.5499,0.129,-0.0,0.871,"RT @BBCEngland: Benny the beluga whale is spending his fifth day in the Thames but appears to be healthy and swimming normally, the Port of‚Ä¶",2018-09-29 15:54:38+00:00,52.57
0.0,0.0,-0.0,1.0,"President @realDonaldTrump: ""Republicans believe America should be a sanctuary for law abiding Americans, not crimi‚Ä¶ https://t.co/HZxcQFhdvr",2018-09-30 09:30:01+00:00,7.02,0.1531,0.118,-0.0,0.882,Watch a seal slap a kayaker in the face -- with an octopus: https://t.co/o5zJ8GhVv8 https://t.co/44ucQCMCKB,2018-09-30 07:31:00+00:00,29.92,0.0,0.0,-0.0,1.0,@BSkyjackcity @jokersupdates @CBSAllAccess On it. https://t.co/yxKX9ry7fw,2018-09-27 00:42:15+00:00,172.8,0.6597,0.221,-0.0,0.779,36 Hours in Montreal: This cosmopolitan city gives you the chance to tour streets filled with vibrant street art an‚Ä¶ https://t.co/alNBe3RN7B,2018-09-30 08:00:33+00:00,16.13,0.7088,0.329,-0.0,0.671,"Always start by playing paper! üëä‚úã‚úåÔ∏è

This is how to win at rock-paper-scissors... 

https://t.co/2VzUFq74FT",2018-09-29 15:02:04+00:00,58.95
0.0,0.0,-0.0,1.0,Call him 'Ye' ‚Äî Kanye West announced his new name ahead of 'SNL' appearance https://t.co/HOhvUollDU,2018-09-30 09:23:00+00:00,8.0,0.0,0.0,-0.0,1.0,Cutting-edge research on an ancient mummy shows that Egyptians were embalming bodies in prehistoric times https://t.co/GIhkkA68XQ,2018-09-30 07:01:05+00:00,30.08,0.1139,0.071,-0.0,0.929,Sixteen houseguests entered and now it's down to the Final 3. Don't miss a second of the 90-minute #BB20Finale toni‚Ä¶ https://t.co/KwDHR9Hfqu,2018-09-26 21:49:27+00:00,111.55,0.128,0.2,-0.0,0.8,This artist's work challenges the idea that ceramics are necessarily delicate¬†https://t.co/BEbo9fDV7o,2018-09-30 07:44:25+00:00,17.48,0.0,0.0,-0.0,1.0,"'What do I know her from again?' ü§îüì∫

These are the TV actors who pop up in everything. https://t.co/XLQBs5bE5p https://t.co/DJWV8U3OhY",2018-09-29 14:03:07+00:00,62.0
0.2584,0.113,-0.0,0.887,"President @realDonaldTrump on @SenFeinstein's response that she didn't leak the Ford document: ""That was really bad‚Ä¶ https://t.co/FFW4rC71tx",2018-09-30 09:15:00+00:00,7.0,0.7351,0.36,-0.0,0.64,"This 7-year-old girl wowed a crowd with a stunning rendition of the ""Star-Spangled Banner"" https://t.co/MzQnkXqx53",2018-09-30 06:31:00+00:00,29.88,0.6249,0.221,-0.0,0.779,"The tribe has spoken, and they do a pretty decent @JeffProbst impression just in time for the @survivorcbs Season P‚Ä¶ https://t.co/2Ps8VKblay",2018-09-26 19:57:54+00:00,152.18,0.4404,0.153,-0.0,0.847,"""As Americans cram into ever-tighter urban living arrangements, a question has emerged: Isn‚Äôt there some better way‚Ä¶ https://t.co/cr6l1bfjAp",2018-09-30 07:26:56+00:00,17.45,-0.5256,0.0,-0.253,0.747,"This is the world's most dangerous city to be a woman. 

https://t.co/v1qrWFF6B6",2018-09-29 13:01:07+00:00,118.08
0.5106,0.268,-0.0,0.732,Indonesia tsunami toll tops 800 amid search for survivors https://t.co/8gNaRfHl8m,2018-09-30 09:08:00+00:00,7.98,0.0,0.0,-0.0,1.0,"Scientists may have uncovered an entire new whale species that lived millions of years ago. 

Bones found at a land‚Ä¶ https://t.co/KaG3tJxcPs",2018-09-30 06:01:07+00:00,15.03,0.0,0.0,-0.0,1.0,"‚ö°Ô∏è ‚ÄúFBI Premieres on CBS‚Äù

https://t.co/faL6iHZc5g",2018-09-26 17:25:43+00:00,1214.78,0.0,0.0,-0.0,1.0,Colleges kept beer out of football stadiums for years. Now some of them are working to sell booze to fans so they d‚Ä¶ https://t.co/vaFslNZ1r3,2018-09-30 07:09:29+00:00,16.15,-0.186,0.156,-0.227,0.616,"""New York City is underwhelming"". üò≥üò≥üò≥
 
#UnpopularOpinion was HARSH this week. üòÇ @gregjames

https://t.co/pSz5eP8YbR",2018-09-29 11:03:02+00:00,59.95
0.4927,0.151,-0.0,0.849,"President @realDonaldTrump: ""A vote to confirm Judge Kavanaugh is a vote to confirm one of the most accomplished le‚Ä¶ https://t.co/py79sTMxCU",2018-09-30 09:00:01+00:00,8.02,0.0,0.0,-0.0,1.0,"Days ago, residents in a community north of St. Louis got some news that they've long wanted to hear. Radioactive m‚Ä¶ https://t.co/swmxWH3MSH",2018-09-30 05:46:05+00:00,15.08,-0.2714,0.098,-0.138,0.764,"RT @CBSAllAccess: A night of crime dramas?! Oh yes. üôå Stream @NCIS_CBS, @FBICBS &amp; @NCISNewOrleans starting at 8/7c on CBS All Access: https‚Ä¶",2018-09-25 21:10:56+00:00,39.18,0.4215,0.149,-0.0,0.851,The NFL is trying to make football safer. So why are its players wearing less padding? https://t.co/OLO9K5f7cl,2018-09-30 06:53:20+00:00,16.18,0.4939,0.181,-0.0,0.819,"What's it like growing up with tourettes?

Brother and sister Jack and Rebecca describe how people react to their t‚Ä¶ https://t.co/VXY3jdCbEu",2018-09-29 10:03:05+00:00,62.05
0.5994,0.178,-0.0,0.822,.@USMC Cpl. Justen L. Hagstrom watches a CH-53E Super Stallion aircraft conduct an aerial refuel as part of a cours‚Ä¶ https://t.co/3iwS6ogpV3,2018-09-30 08:52:00+00:00,7.0,0.2732,0.116,-0.0,0.884,Former presidential candidate Hillary Clinton made a surprise appearance in the first episode of the 'Murphy Brown'‚Ä¶ https://t.co/owLc7OvGKP,2018-09-30 05:31:00+00:00,14.92,-0.2263,0.0,-0.091,0.909,"Before @FBICBS premieres tonight, @mperegrym stopped by @CBSThisMorning to talk about her role as an FBI agent in t‚Ä¶ https://t.co/CPVki4Hv8y",2018-09-25 20:31:45+00:00,37.32,-0.5216,0.0,-0.402,0.598,You were never second best https://t.co/ATplcP59kS,2018-09-30 06:37:09+00:00,17.42,-0.5267,0.0,-0.254,0.746,"This school became a national leader by focusing on a neglected subject... 

https://t.co/5c7iSPT3rc",2018-09-29 09:01:02+00:00,49.27
0.3384,0.146,-0.0,0.854,"President @realDonaldTrump on trade: ""China, we're taking them on very strongly. First time ever.""‚Ä¶ https://t.co/7Usk6A2jZk",2018-09-30 08:45:00+00:00,8.0,0.3612,0.106,-0.0,0.894,Tom Hanks is ready to be your neighbor -- as Mister Rogers in an upcoming and as-yet-untitled film about the childr‚Ä¶ https://t.co/N6rKE63Iik,2018-09-30 05:16:05+00:00,15.08,0.0,0.0,-0.0,1.0,RT @CBSAllAccess: üö® @PatrickBrammall. Tim Meadows. @jessicaalba. @iamgreenfield. @AHWAmySedaris. @ChrisGethard. @JoeManganiello. AND SO MAN‚Ä¶,2018-09-25 19:54:26+00:00,8.88,0.0,0.0,-0.0,1.0,letters: The Feminists and the Frat House https://t.co/4kORCydyIS,2018-09-30 06:19:44+00:00,4.23,0.6808,0.237,-0.0,0.763,RT @BBCOne: .@LadyGaga &amp; Jodie Whittaker playing the #DoctorWho theme tune on the theremin is a joy to behold. #TheGNShow https://t.co/0aLu‚Ä¶,2018-09-29 08:11:46+00:00,6.72
0.0,0.0,-0.0,1.0,'Don't Lie to Me': Barbra Streisand Blasts President Trump in Song Off 'Walls' Album https://t.co/3lrA4P2bTX,2018-09-30 08:37:00+00:00,7.0,0.0,0.0,-0.0,1.0,300 glowing drones illuminate the night sky in this choreographed spectacle https://t.co/B2RhWXTnHV https://t.co/CjWifh0P0i,2018-09-30 05:01:00+00:00,14.97,0.7901,0.291,-0.0,0.709,RT @bigbangtheory: Happy #NationalComicBookDay from Sheldon and his many shirts! How are you sporting your favorite superhero today? #BigBa‚Ä¶,2018-09-25 19:45:33+00:00,71.12,0.0,0.0,-0.0,1.0,"Kurt Vile's music is personal ‚Äî the ‚ÄúI‚Äù in his songs, he says, is almost always himself ‚Äî but not revealing https://t.co/MfHpIvkOuQ",2018-09-30 06:15:30+00:00,16.47,-0.1022,0.118,-0.136,0.746,"""I've broken around 80 bones"". üò¨üè•

Meet the man who can't feel pain. üëâ https://t.co/6qsfeQmIct https://t.co/6jXkhYCTza",2018-09-29 08:05:03+00:00,61.95
-0.5423,0.0,-0.259,0.741,"Peter Navarro: ‚ÄúNAFTA was a tremendous, tremendous harm to this country.‚Äù https://t.co/Q4nE98hCIJ",2018-09-30 08:30:00+00:00,9.0,0.4588,0.13,-0.0,0.87,This custodian has been spreading kindness at Bristol University for more than 11 years so students at the school l‚Ä¶ https://t.co/PPINKQs66p,2018-09-30 04:46:02+00:00,15.03,0.0,0.0,-0.0,1.0,"‚ö°Ô∏è ‚ÄúMagnum P.I. Premieres on CBS‚Äù

https://t.co/UtbQlcDG8S",2018-09-25 18:34:26+00:00,28.92,-0.4939,0.0,-0.181,0.819,"""As my summer of pop-ups dragged on, I began to dread my evenings. What began as a kicky story idea became a masoch‚Ä¶ https://t.co/87M6VIqdgQ",2018-09-30 05:59:02+00:00,16.65,0.0,0.0,-0.0,1.0,"Say hello to baby Omo, a rare albino squirrel... üòçüêøÔ∏è

https://t.co/FVppFQSOJw",2018-09-29 07:03:06+00:00,32.1
-0.4767,0.0,-0.14,0.86,"Steve Hilton: ""Just as we're moving in the right direction on gender equality, we're moving in the wrong direction‚Ä¶ https://t.co/2o3tOgzGIn",2018-09-30 08:21:00+00:00,6.0,0.0,0.0,-0.0,1.0,Meet DJ Switch: A 10-year-old girl from Ghana who wants to be a gynecologist when she grows up. Erica Armah Bra-Bul‚Ä¶ https://t.co/xxBEDzxlD9,2018-09-30 04:31:00+00:00,15.0,0.0,0.0,-0.0,1.0,".@jay_hernandez went on @latelateshow to talk about @MagnumPICBS, but he may have gotten @TiffanyHaddish as a surf‚Ä¶ https://t.co/a3acRu10aw",2018-09-25 18:05:31+00:00,1389.27,-0.3612,0.0,-0.238,0.762,Are we born to be physically lazy? Probably. https://t.co/H22vGWszgP,2018-09-30 05:42:23+00:00,16.6,0.0,0.0,-0.0,1.0,"Over the last 50 years, the flesh-footed shearwater population has dropped by 30%.

Plastic is a major cause of the‚Ä¶ https://t.co/827iYwzryJ",2018-09-29 06:31:00+00:00,599.95
0.7351,0.237,-0.0,0.763,Peter Navarro: ‚ÄúMost of the big issues are solved with Canada. It‚Äôs a great deal for all three countries in that it‚Ä¶ https://t.co/skckszOgD2,2018-09-30 08:15:00+00:00,8.0,0.0,0.0,-0.0,1.0,"What has two heads, is extremely rare and doesn't have a long life expectancy?

This two-headed baby copperhead, wh‚Ä¶ https://t.co/UmdU9G7kOj",2018-09-30 04:16:00+00:00,14.93,0.0,0.0,-0.0,1.0,"RT @60Minutes: 60 Minutes turns 50 today. Tick, tick, tick ... https://t.co/3CVKEs9J7F",2018-09-24 18:56:15+00:00,1172.2,0.4939,0.264,-0.096,0.64,"In a real estate market tinged with uncertainty, renting feels like a safer bet to a number of people who could wel‚Ä¶ https://t.co/Tn26FyuilQ",2018-09-30 05:25:47+00:00,17.08,0.3595,0.135,-0.0,0.865,"The Graham Norton Show is back! Tonight Bradley Cooper, @ladygaga, Jodie Whittaker and @ryangosling join @grahnort‚Ä¶ https://t.co/prBbKLrkaO",2018-09-28 20:31:03+00:00,119.0
-0.4767,0.093,-0.174,0.734,Angelica Cervantes‚Äô son Erick Silva was among 58 killed in the Las Vegas mass shooting. He was a security guard at‚Ä¶ https://t.co/2hw7nYuSBK,2018-09-30 08:07:00+00:00,7.0,-0.2732,0.0,-0.095,0.905,"Ted Turner is battling Lewy body dementia, the CNN founder revealed in an interview that will air over the weekend‚Ä¶ https://t.co/mjUlSYrDlb",2018-09-30 04:01:04+00:00,30.68,-0.2263,0.0,-0.087,0.913,"Due to #NFL football game overrun, #CBS Sunday lineup is delayed in ATL, Indy, NOLA, Kansas City, NYC, Philly, Prov‚Ä¶ https://t.co/fejqoxtvSY",2018-09-23 23:24:03+00:00,564.05,0.0,0.0,-0.0,1.0,"10 of the most-asked wedding-etiquette questions, answered https://t.co/ptS2HwMJ4R",2018-09-30 05:08:42+00:00,17.33,-0.126,0.065,-0.089,0.846,"It's the Celebrity MasterChef final! After six gruelling weeks, just two tough challenges stand between the three r‚Ä¶ https://t.co/mLCixMGG8v",2018-09-28 18:32:03+00:00,148.93
-0.3412,0.0,-0.099,0.901,"Peter Navarro: ‚ÄúAt the end of the day, this president is not going to take a deal that‚Äôs not good for this county.‚Äù https://t.co/SrMapfHqpu",2018-09-30 08:00:00+00:00,15.0,0.0,0.0,-0.0,1.0,"The oldest known animal in the geological record has been identified, in a discovery that scientists are calling ""t‚Ä¶ https://t.co/s8adwFD2pS",2018-09-30 03:30:23+00:00,30.28,0.0,0.0,-0.0,1.0,Kick off your Sunday with @NFL on CBS. Catch your local games live on CBS and @CBSAllAccess. üèàüì∫‚Ä¶ https://t.co/kbo7N27mY9,2018-09-23 14:00:00+00:00,1122.0,-0.6486,0.0,-0.17,0.83,Toxic chemicals are lingering in the blubber of killer whales ‚Äî and they may end up wiping out half the world‚Äôs pop‚Ä¶ https://t.co/sFUb77o0Hb,2018-09-30 04:51:22+00:00,17.47,0.7003,0.345,-0.0,0.655,"Science has confirmed: cats are nice. üòª

https://t.co/nTtAUxYl6v https://t.co/kI8XYPICjA",2018-09-28 16:03:07+00:00,62.08
-0.2023,0.0,-0.101,0.899,"President @realDonaldTrump: ""They wanna fight that wall for political purposes. But we're building it...we'll get i‚Ä¶ https://t.co/3VjFY7t3dF",2018-09-30 07:45:00+00:00,8.0,0.0,0.0,-0.0,1.0,Several Southern California high school students face disciplinary action after spelling out a racial slur with let‚Ä¶ https://t.co/2goay3zfXq,2018-09-30 03:00:06+00:00,27.68,0.296,0.144,-0.098,0.758,"How does $100,000 sound? Because someone is going to win all that tonight on the @TKOCBS Battle Royale finale at 9p‚Ä¶ https://t.co/JEuUZ2QlQh",2018-09-21 19:18:00+00:00,91.57,-0.0516,0.0,-0.052,0.948,"RT @NYTHealth: The E.P.A. on Tuesday put the head of its Office of Children's Health Protection on administrative leave, an unusual move af‚Ä¶",2018-09-30 04:33:54+00:00,16.03,0.1531,0.118,-0.0,0.882,"üòÆüêô You need to watch this seal slap a man with an octopus... 

https://t.co/Njn1fsWeXX",2018-09-28 15:01:02+00:00,57.92
-0.5423,0.0,-0.391,0.609,Fisherman cuts shark loose; shark chomps outboard motor https://t.co/Vltsh4t8vh,2018-09-30 07:37:00+00:00,7.0,-0.1779,0.0,-0.078,0.922,A long-lost warship has been discovered off the coast of China after an extensive hunt to track down relics from fr‚Ä¶ https://t.co/JCoIJmFVGv,2018-09-30 02:32:25+00:00,32.2,-0.1531,0.123,-0.162,0.714,@colbertlateshow @IainLoveTheatre @IainLoveTheatre made a compelling argument. We'll get back to you. üòâ,2018-09-21 17:46:26+00:00,1109.12,0.0,0.0,-0.0,1.0,"The wild, ragged days of Governors Island are over, and development is coming https://t.co/5RYCRYzODg",2018-09-30 04:17:52+00:00,17.55,0.0,0.0,-0.0,1.0,In pictures: Politician mothers take their babies to work. üë∂üì∑ https://t.co/wZ4NmFwkOn https://t.co/BTtyJu1WSX,2018-09-28 14:03:07+00:00,90.12
0.7579,0.394,-0.0,0.606,".@POTUS: ""America is winning again and America is respected again."" https://t.co/Hb6tsSeyTI https://t.co/nZI53YcRNN",2018-09-30 07:30:00+00:00,8.0,0.5994,0.234,-0.0,0.766,"SiriusXM is buying Pandora in a $3.5 billion deal, which will create the world's largest audio entertainment compan‚Ä¶ https://t.co/mHXQZC5D4q",2018-09-30 02:00:13+00:00,60.08,0.296,0.109,-0.0,0.891,"Now that @bigbangtheory is entering its last season, Kaley Cuoco admits to @latelateshow she's over the show's noto‚Ä¶ https://t.co/xvhlMWBhSX",2018-09-20 23:17:19+00:00,98.97,0.0,0.0,-0.0,1.0,"""Mind-blowing"" 3-D maps of ancient Maya structures revealed beneath the canopy of the Guatemalan jungle by laser te‚Ä¶ https://t.co/OyasGWqwJF",2018-09-30 04:00:19+00:00,19.12,-0.5346,0.177,-0.345,0.478,"Why do we love bees, but hate wasps? https://t.co/2CM65SLLyE",2018-09-28 12:33:00+00:00,88.9
0.0,0.0,-0.0,1.0,Kavanaugh accuser Julie Swetnick faced own misconduct allegations at past job with tech firm: reports https://t.co/05PXennFtz,2018-09-30 07:22:00+00:00,7.0,0.2263,0.147,-0.0,0.853,Only these 8 states require sex education classes to mention consent https://t.co/joJ5Fkhkan https://t.co/3VmFDbGc5L,2018-09-30 01:00:08+00:00,28.87,0.7896,0.212,-0.0,0.788,RT @HawaiiFive0CBS: It‚Äôs the big Five-0! üéâ üåä #H50 premiered on this day in 1968! Celebrate 50 years of Hawaii Five-0 with every season of b‚Ä¶,2018-09-20 21:38:21+00:00,290.92,0.296,0.104,-0.0,0.896,Robin Williams was an avid collector of art and memorabilia. A portion of his collection is coming up for sale. https://t.co/WC6pUczBla,2018-09-30 03:41:12+00:00,17.93,0.6597,0.227,-0.082,0.691,"What kind of snack would you be? ü§î

Kids asking Tom Hardy difficult questions is the best thing you'll see today. üòÇ‚Ä¶ https://t.co/8iFXGQhKlz",2018-09-28 11:04:06+00:00,39.62
0.0,0.0,-0.0,1.0,"President @realDonaldTrump, speaking on voting in the midterms at a rally in West Virginia: ""If you aren't register‚Ä¶ https://t.co/FH8fxAPBao",2018-09-30 07:15:00+00:00,8.0,0.4404,0.187,-0.0,0.813,Hillary Clinton made a surprise appearance in the first episode of the 'Murphy Brown' revival -- playing a woman in‚Ä¶ https://t.co/CaXmdL9s9b,2018-09-30 00:31:16+00:00,31.08,0.0,0.0,-0.0,1.0,RT @JordanPeele: üì∫üåÄ https://t.co/CygbVi4JFC,2018-09-20 16:47:26+00:00,1299.82,-0.2732,0.149,-0.254,0.597,"On Baseball: For David Wright, the Mets‚Äô No. 5, a Sweet End to a Painful Journey https://t.co/w378Zv2XdY",2018-09-30 03:23:16+00:00,6.02,0.0,0.0,-0.0,1.0,"RT @BBCWomansHour: The üö®TOP 10üö® #WomenInMusic on the #WHPowerList have been revealed! üåü Featuring the most iconic performers, heads of labe‚Ä¶",2018-09-28 10:24:29+00:00,22.38
0.8902,0.413,-0.0,0.587,GREAT ESCAPE: Dog in Virginia Beach possibly 'clawed' its way out of plastic bag prior to rescue https://t.co/gvv7K7w1K0,2018-09-30 07:07:00+00:00,7.0,-0.5267,0.0,-0.196,0.804,The attack on Facebook that exposed nearly 50 million users' information is the largest hack ever for the company‚Ä¶ https://t.co/T2vOGRm0Ry,2018-09-30 00:00:11+00:00,49.0,-0.0531,0.176,-0.236,0.588,The @latelateshow and @JKCorden will never be good enough for @henrygolding's crazy rich mom.‚Ä¶ https://t.co/xVmH5Iyfvs,2018-09-19 19:07:37+00:00,123.28,0.0,0.0,-0.0,1.0,"""When you are a new mother, there are two things you will be asked about constantly, your baby and your boobs ‚Äî spe‚Ä¶ https://t.co/jrygJNih1p",2018-09-30 03:17:15+00:00,17.58,-0.296,0.0,-0.121,0.879,"‚ù§Ô∏è This story of a missing 49-year-old father is the most moving thing you'll watch today. 

https://t.co/8CYggzS9Hj",2018-09-28 10:02:06+00:00,21.8
0.0,0.0,-0.0,1.0,"President @realDonaldTrump on trade relations with China: ""And they either open it up to make it fair...or we just‚Ä¶ https://t.co/7DpmsQyMg3",2018-09-30 07:00:00+00:00,8.0,0.2263,0.091,-0.0,0.909,North Carolina is among the 8 states that require sex education classes to mention consent. A map in an earlier twe‚Ä¶ https://t.co/GUCQpYwvBA,2018-09-29 23:11:11+00:00,11.03,0.6486,0.209,-0.0,0.791,RT @CBSThisMorning: Imagine receiving a digital friend request from someone claiming to be God. What would you do? The new @CBS drama @GodF‚Ä¶,2018-09-18 17:04:20+00:00,1142.47,-0.296,0.0,-0.115,0.885,"Review: ""Black '47"" is a film about revenge, but studded with harrowing historical details about the Irish famine. https://t.co/rQB3NR1nQS",2018-09-30 02:59:40+00:00,17.03,0.5719,0.171,-0.0,0.829,"RT @bbcmusic: How are you celebrating #BBCMusicDay today? 

Here's 9 Things to watch out for, including @George_Ezra reading a bedtime stor‚Ä¶",2018-09-28 09:40:18+00:00,36.28
0.0,0.0,-0.0,1.0,White House limits FBI's Kavanaugh inquiry to 2 of 3 accusers: report https://t.co/labjueZ3l4,2018-09-30 06:52:00+00:00,7.0,-0.4019,0.064,-0.148,0.788,"A 13-year-old boy was attacked Saturday by a shark while diving for lobsters in waters off Encinitas, California, a‚Ä¶ https://t.co/jNMREHePwO",2018-09-29 23:00:09+00:00,15.03,0.9642,0.527,-0.0,0.473,"RT @PriceIsRight: We're thrilled to be back with all new, fun, and exciting shows!!  We hope to give you another award winning season! HERE‚Ä¶",2018-09-17 22:01:52+00:00,20.53,0.4168,0.165,-0.0,0.835,Iranian Official Says Oil Deal With Europeans Is Close Despite Threat of U.S. Sanctions https://t.co/ufK1Eqo9vS,2018-09-30 02:42:38+00:00,16.1,-0.5994,0.0,-0.262,0.738,"How would you cope if you knew how you might die?

https://t.co/VbAFmeDCXQ",2018-09-28 09:04:01+00:00,59.98
0.7073,0.245,-0.0,0.755,".@POTUS on North Korea: ""Now we have this great relationship, let's see what happens."" https://t.co/Hb6tsSw9Lg https://t.co/3Grtt5AhIk",2018-09-30 06:45:00+00:00,8.0,0.1027,0.128,-0.107,0.765,"Alas, an asteroid shaped like a skull is NOT going to zip by Earth this Halloween https://t.co/Va32inAu8z https://t.co/fYHvcOm0Bt",2018-09-29 22:45:07+00:00,14.93,0.0,0.0,-0.0,1.0,RT @SalvationCBS: X marks the spot on the heart-stopping season finale of #SalvationCBS tonight at 9/8c on CBS &amp; CBS All Access: https://t.‚Ä¶,2018-09-17 21:41:20+00:00,142.72,-0.7964,0.0,-0.272,0.728,"RT @nytpolitics: With his fury and righteous indignation, Judge Kavanaugh becomes an avatar for Americans who saw Trump's election as vindi‚Ä¶",2018-09-30 02:26:32+00:00,17.8,0.5859,0.167,-0.0,0.833,"Eggs as conditioner? ü•öü§∑

Experts rate the beauty tips that our mums swore by. üëâ https://t.co/HGSuMbUNOj https://t.co/uoUg0LYfQp",2018-09-28 08:04:02+00:00,31.93
-0.3182,0.0,-0.187,0.813,Cassidy: FBI Should Investigate Dems' Efforts to Delay Kavanaugh Confirmation https://t.co/uGQtDmHwsl,2018-09-30 06:37:00+00:00,7.0,0.0,0.0,-0.0,1.0,"Nearly two years to the day after its inaugural march, thousands are expected to take to the streets again early ne‚Ä¶ https://t.co/dzj1GMnykd",2018-09-29 22:30:11+00:00,30.02,0.3612,0.263,-0.0,0.737,Waiting for tonight's @Elementary_CBS season finale like https://t.co/Ou8342vGT9,2018-09-17 19:18:37+00:00,1169.63,0.4019,0.144,-0.0,0.856,"Whether you‚Äôre after a night in with your special someone or your sweatpants, this is your pasta https://t.co/ObQaJspGsr",2018-09-30 02:08:44+00:00,16.05,0.3818,0.133,-0.0,0.867,"Are children getting too much homework in the UK? üìöüñç

Comedian @robdelaney says kids' workload is ""madness"".‚Ä¶ https://t.co/i16FsfwKNb",2018-09-28 07:32:06+00:00,31.02
0.7906,0.304,-0.0,0.696,"Rep. @DevinNunes: ""When you take a Supreme Court justice, and you have senators talking about high school yearbooks‚Ä¶ https://t.co/N5rq3rHXkb",2018-09-30 06:30:00+00:00,8.0,0.1027,0.085,-0.066,0.849,"JUST IN: Elon Musk agrees to pay $20 million and quit as Tesla chairman in deal with SEC
https://t.co/SIweOPR39g https://t.co/fluv7kgynH",2018-09-29 22:00:10+00:00,0.05,-0.2263,0.0,-0.091,0.909,"Due to an NFL overrun, the CBS Sunday lineup is delayed in the East/Central cities ONLY. New start times:‚Ä¶ https://t.co/IypoJ0l16P",2018-09-16 23:48:59+00:00,555.22,0.765,0.338,-0.085,0.577,Having all the right cholesterol numbers and staying active is no guarantee your heart is in great shape https://t.co/w4a83p177s,2018-09-30 01:52:41+00:00,17.63,0.6808,0.272,-0.0,0.728,"Here's some useful advice on how you can help hedgehogs at this time of year. ü¶î

https://t.co/TKgF4H0ktl",2018-09-28 07:01:05+00:00,838.97
0.3818,0.115,-0.0,0.885,"The city of Irvine, California, is using goats to clear brush and invasive plants from public land, which reduces f‚Ä¶ https://t.co/6FPWuON95S",2018-09-30 06:22:00+00:00,7.0,0.0,0.0,-0.0,1.0,"Meet the ""Hurricane Cowboy"" who's rescuing animals in Florence's aftermath https://t.co/RkgzcXnl3A https://t.co/KgBHD2Pnbk",2018-09-29 22:00:07+00:00,14.07,0.0,0.0,-0.0,1.0,RT @CBSAllAccess: Sundays were made for NFL on CBS. üèàüíØ Stream NFL on CBS All Access live today: https://t.co/vsod8jGE7N https://t.co/co2528‚Ä¶,2018-09-16 14:33:46+00:00,1353.75,0.6486,0.218,-0.0,0.782,RT @nytimesmusic: Pill testing has also become more common over the past few years at festivals in the United States https://t.co/iMINACZEKm,2018-09-30 01:35:03+00:00,9.92,0.2263,0.155,-0.089,0.756,"This is the quiz where you have to play the answer as well as say it. Famous faces battle it out, testing their ski‚Ä¶ https://t.co/WXXa78QNdD",2018-09-27 17:02:07+00:00,58.97
0.0,0.0,-0.0,1.0,".@JudgeJeanine: ""The establishment Republicans have buckled, caved and bowed to the Democrats."" https://t.co/dqOElqc9sp",2018-09-30 06:15:00+00:00,6.0,-0.3612,0.0,-0.106,0.894,Alyssa Milano says that while it was difficult to be in the room when Brett Kavanaugh and Christine Blasey Ford tes‚Ä¶ https://t.co/dBXUbdEekE,2018-09-29 21:46:03+00:00,17.98,-0.4322,0.07,-0.159,0.771,"What happens when a PTA mom steals nearly $100,000 from her daughter's school? Don't miss the #PinkCollarCrimes sea‚Ä¶ https://t.co/Gjiy0pByaE",2018-09-15 16:00:01+00:00,1297.03,-0.4767,0.149,-0.34,0.512,"Panic in Central Park: Noise at Global Citizen Festival Was Fallen Barrier, Not Gunshots https://t.co/RWqLi2fLMC",2018-09-30 01:25:08+00:00,5.5,-0.128,0.0,-0.067,0.933,Got a bag of frozen peas lurking at the back of the freezer? Here are 7 things you can do with them. üòãüç¥‚Ä¶ https://t.co/innpVg70hh,2018-09-27 16:03:09+00:00,32.03
0.0,0.0,-0.0,1.0,Joanna Gaines and Jenna Bush Hager attend @RWitherspoon's book launch in Texas https://t.co/VHNMtBnCi3,2018-09-30 06:09:00+00:00,7.0,0.5574,0.205,-0.0,0.795,Jeff Flake's moment: How a reliable conservative cast Brett Kavanaugh's Supreme Court confirmation into doubt‚Ä¶ https://t.co/wAvxOyw2ul,2018-09-29 21:28:04+00:00,13.72,-0.2481,0.17,-0.233,0.598,"RT @CBSAllAccess: No internet, no problem. You can now download and play your favorite shows on CBS All Access! üôå Learn how: https://t.co/y‚Ä¶",2018-09-14 18:22:59+00:00,1290.88,0.7579,0.254,-0.0,0.746,"""I feel like it was a message being sent: 'Don‚Äôt be like Tara or you will end up like Tara,'"" one woman said of the‚Ä¶ https://t.co/X6ADa3Jsjq",2018-09-30 01:19:38+00:00,16.27,-0.5574,0.0,-0.194,0.806,"John Cunliffe, creator of Postman Pat and Rosie and Jim, has died aged 85. https://t.co/OoHcAgZsu5 https://t.co/PEwPmaItNP",2018-09-27 15:31:07+00:00,24.53
-0.6369,0.0,-0.271,0.729,"President @realDonaldTrump defends Kavanaugh, derides Dems for shameful conduct: ‚ÄòBad things will happen‚Äô if voters‚Ä¶ https://t.co/g3HuxLHTyr",2018-09-30 06:02:00+00:00,7.0,-0.2023,0.0,-0.087,0.913,Watch a rare gulper eel change its shape right before your eyes -- a unique method it uses to intimidate predators‚Ä¶ https://t.co/HgiqqNBfto,2018-09-29 21:14:21+00:00,14.18,0.0,0.0,-0.0,1.0,@PlaggemeyLee Mac's putting something together. üòâ https://t.co/6ww5HlV6Bx,2018-09-13 20:52:06+00:00,24.0,0.4215,0.257,-0.0,0.743,"U.S. Weighed Penalizing El Salvador Over Support for China, Then Backed Off https://t.co/TkBOYa8uPO",2018-09-30 01:03:22+00:00,0.72,0.5719,0.171,-0.0,0.829,"Flying squirrels are secretive creatures but if you're lucky, you might meet one. Or two. Or three. üòÆüêø

https://t.co/vx8aM2dHRt",2018-09-27 15:06:35+00:00,63.5
0.7906,0.438,-0.0,0.562,"President @realDonaldTrump on Kavanaugh: ""He's a good man. He's a great judge."" https://t.co/MRxvWruT5S",2018-09-30 05:55:00+00:00,7.0,-0.2023,0.065,-0.102,0.833,"The FBI has reached out to Deborah Ramirez, who has accused Brett Kavanaugh of inappropriate sexual behavior when t‚Ä¶ https://t.co/WEbuyKazm7",2018-09-29 21:00:10+00:00,29.08,0.0,0.0,-0.0,1.0,This just in... https://t.co/QG3OYF6Rfv,2018-09-13 20:28:06+00:00,141.28,0.3919,0.135,-0.0,0.865,"Christine Blasey Ford's composed, but wrenching, testimony was ""a stark reminder of the gender dynamics, and mental‚Ä¶ https://t.co/JcSJ1sduYP",2018-09-30 01:02:39+00:00,17.35,-0.4201,0.0,-0.117,0.883,"""It's very difficult not to tie your self-worth to the size of your audience"".

@hankgreen on the darker side of in‚Ä¶ https://t.co/EF0u3XM6Nj",2018-09-27 14:03:05+00:00,17.08
0.0,0.0,-0.0,1.0,'Saturday Night Live' premiere features Matt Damon as Brett Kavanaugh https://t.co/eyDz6TVTKl,2018-09-30 05:48:00+00:00,7.0,0.1027,0.16,-0.14,0.7,Why the world's leaders may regret laughing at Donald Trump | By Nic Robertson for @CNNOpinion‚Ä¶ https://t.co/OSqC3AWTmf,2018-09-29 20:31:05+00:00,30.57,0.4753,0.218,-0.083,0.699,RT @CBSAllAccess: Get excited! Stream original #MurphyBrown episodes for a limited time on CBS All Access before the @MurphyBrownCBS reviva‚Ä¶,2018-09-13 18:06:49+00:00,60.55,0.3818,0.14,-0.0,0.86,Here are 3 things an FBI investigation into Christine Blasey Ford's allegations against Kavanaugh could clear up. https://t.co/kzlrRZksSG,2018-09-30 00:45:18+00:00,18.4,0.4939,0.122,-0.0,0.878,"If half of the UK switched to reusable water bottles, we'd save enough plastic to stretch to the moon and back in j‚Ä¶ https://t.co/HEtqsCQbly",2018-09-27 13:46:00+00:00,35.55
0.0,0.0,-0.0,1.0,"President @realDonaldTrump: ""Republicans believe America should be a sanctuary for law abiding Americans, not crimi‚Ä¶ https://t.co/ZdrOXbx0v3",2018-09-30 05:41:00+00:00,7.0,0.2942,0.154,-0.0,0.846,"""What is... yes?"" A ""Jeopardy!"" contestant surprised his girlfriend with a marriage proposal https://t.co/65FSnOOE7M https://t.co/O5nJzZCYM8",2018-09-29 20:00:31+00:00,29.42,0.0,0.0,-0.0,1.0,"This just in! The 54th #ACMawards will air LIVE from Las Vegas on Sunday, April 7, 2019 at 8/7c on CBS and‚Ä¶ https://t.co/Q9e7qxe26l",2018-09-10 17:06:16+00:00,1050.12,0.5267,0.236,-0.0,0.764,"Japan‚Äôs Mothers Go Back to Work, but Find the Opportunities Lacking https://t.co/N6tX0JO4vJ",2018-09-30 00:26:54+00:00,3.57,0.0,0.0,-0.0,1.0,RT @BBCNews: Postman Pat and Rosie and Jim author John Cunliffe dies https://t.co/VPI0iFKwaA,2018-09-27 13:10:27+00:00,7.35
0.0,0.0,-0.0,1.0,.@NancyPelosi Calls Republicans 'Despicable' in Fundraising Email https://t.co/z3SG4tWs2N,2018-09-30 05:34:00+00:00,7.0,-0.4588,0.0,-0.115,0.885,"Ciham Ali Ahmed was imprisoned at 15 years old. Now six years later, her family says they don't know where she is o‚Ä¶ https://t.co/07xI3uUH7M",2018-09-29 19:31:06+00:00,30.6,-0.2263,0.0,-0.083,0.917,"Due to an NFL overrun, CBS is delayed 17 mins in the following markets: Kansas City, Miami, Tampa, NOLA, New York,‚Ä¶ https://t.co/9eXZ9mA1Xb",2018-09-09 23:36:09+00:00,576.15,-0.3818,0.0,-0.206,0.794,"On Crowded London Streets, Councils Fight a Flood of Phone Boxes https://t.co/NYg9Yxk2Vz",2018-09-30 00:23:20+00:00,1.82,-0.4019,0.225,-0.299,0.476,"""Dear haters, you're going to hate this."" 

Oliver reacts to Scotland's 'Dear Transphobes' campaign.

https://t.co/uayhqEP7jP",2018-09-27 13:03:06+00:00,31.0
0.0,0.0,-0.0,1.0,"President @realDonaldTrump on Sen. @CoryBooker: ""He ran Newark, New Jersey, into the ground and now he wants to be‚Ä¶ https://t.co/3fJPYfx8cO",2018-09-30 05:27:00+00:00,7.0,-0.6486,0.0,-0.202,0.798,"It‚Äôs a devastating scene, and the reality of so many parents addicted to drugs. @lisaling gives us a heartbreaking‚Ä¶ https://t.co/sXEhUoMmu6",2018-09-29 19:00:30+00:00,29.42,0.6705,0.256,-0.0,0.744,Are you ready for some football? üèà Stream your favorite NFL games LIVE on #CBSAllAccess today:‚Ä¶ https://t.co/eHt8guHoyv,2018-09-09 14:00:00+00:00,1299.28,0.25,0.111,-0.0,0.889,"In the Connecticut wilderness, a Portuguese hotel designer has created an unexpected respite that retains the magic‚Ä¶ https://t.co/7O77L21MyG",2018-09-30 00:21:31+00:00,16.52,0.0,0.0,-0.0,1.0,"What a moment! üòÆ üêô

A man has been filmed being slapped in the face with a large octopus thrown by a seal. üëâ‚Ä¶ https://t.co/QxUgZSSXnX",2018-09-27 12:32:06+00:00,89.05
-0.296,0.124,-0.183,0.693,.@LindseyGrahamSC says McCain's anger at Kavanaugh hearing 'would have made me look like a choir boy' https://t.co/YYpdwDtHuH,2018-09-30 05:20:00+00:00,7.0,0.2263,0.147,-0.0,0.853,Only these 8 states require sex education classes to mention consent https://t.co/iEMukcvLni https://t.co/tSeUG8ez0x,2018-09-29 18:31:05+00:00,30.48,0.4215,0.149,-0.0,0.851,An unforgettable night of inspiring stories and performances highlighting the 10 years of impact #StandUpToCancer c‚Ä¶ https://t.co/8bp2XNKwfH,2018-09-08 16:20:43+00:00,980.72,-0.1027,0.0,-0.091,0.909,Warren Says She Will Take ‚ÄòA Hard Look‚Äô at Running for President in 2020 https://t.co/L34wqV5e2M,2018-09-30 00:05:00+00:00,10.4,-0.7579,0.0,-0.351,0.649,"Millions of seahorses are caught every year, threatening their global survival. üíî

https://t.co/CUYoiiYtXa",2018-09-27 11:03:03+00:00,18.52
0.5106,0.171,-0.0,0.829,"President @realDonaldTrump speaking Saturday on the FBI investigation into Judge Kavanaugh: ""They have free rein. T‚Ä¶ https://t.co/WulwGm8b92",2018-09-30 05:13:00+00:00,7.0,0.6597,0.252,-0.0,0.748,"Called ""The Passion Diamond Shoes"", these gold and diamond-encrusted stilettos are believed to be the world's most‚Ä¶ https://t.co/zjDnYO6jGI",2018-09-29 18:00:36+00:00,29.97,0.0,0.0,-0.0,1.0,The star-studded event is about to begin! Tune in now to watch #StandUpToCancer on CBS and @cbsallaccess. https://t.co/cD8TJuQBog,2018-09-08 00:00:00+00:00,44.85,-0.1027,0.0,-0.065,0.935,Senator Elizabeth Warren says she would ‚Äútake a hard look‚Äù at running for president in 2020 and called on the natio‚Ä¶ https://t.co/OTvefIubRm,2018-09-29 23:54:36+00:00,14.5,0.0,0.0,-0.0,1.0,"RT @BBCTwo: BBC Two just got a brand new look.

Check out some of our new Idents in all their glory‚Ä¶

More info here: https://t.co/5WJBbgGY‚Ä¶",2018-09-27 10:44:32+00:00,42.5
0.0,0.0,-0.0,1.0,"Despite ‚ÄúLast Man Standing‚Äù having a right-leaning lead, @ofctimallen says the only goal of the series is deliverin‚Ä¶ https://t.co/Fb9Aakel0W",2018-09-30 05:06:00+00:00,7.0,-0.4019,0.0,-0.137,0.863,"She learned to swim at age 50 and now has 271 medals. Oh, and she's blind. https://t.co/sSLpHYEdqC https://t.co/5iguBTXFez",2018-09-29 17:30:38+00:00,10.5,-0.5411,0.092,-0.196,0.712,"RT @cbsallaccess: Join #TellMeAStory's @daniellemcam, @BillyMagnussen &amp; Dorian Missick by standing up to cancer! Watch @SU2C tonight at 8/7‚Ä¶",2018-09-07 23:15:09+00:00,84.3,0.5106,0.268,-0.0,0.732,Roast a chicken and you know you have a comfortable meal https://t.co/fCEZkKuow9,2018-09-29 23:40:06+00:00,17.7,-0.4753,0.0,-0.154,0.846,"We feel for Deirdre trying to answer some of these... it's unlikely Agony Aunt letters! ‚úâÔ∏èüòÇ #MockTheWeek

https://t.co/iUev3YVy9v",2018-09-27 10:02:02+00:00,57.95
0.0,0.0,-0.0,1.0,"President @realDonaldTrump: ""Together we are taking back our country, and returning power to where it belongs ‚Äî to‚Ä¶ https://t.co/geBVTkIr2n",2018-09-30 04:59:00+00:00,7.0,-0.6705,0.0,-0.231,0.769,"Two police officers were killed in a shootout early Saturday in Brookhaven, Mississippi, a state official said. https://t.co/sWEwLdiMHf",2018-09-29 17:20:08+00:00,49.92,0.0,0.0,-0.0,1.0,Tune in to a first-of-its-kind digital live show as lead up to @SU2C‚Äôs televised event tonight! The show will featu‚Ä¶ https://t.co/hIVaLAXYmR,2018-09-07 21:50:51+00:00,1420.03,0.0,0.0,-0.0,1.0,"Yankees 8, Red Sox 5: Yankees Send One Over the Fence and Into the Record Book https://t.co/Nw6IAy9L6h",2018-09-29 23:22:24+00:00,7.28,0.8697,0.38,-0.0,0.62,"Talk about an anticlimax!

When these rescue workers were called to save a drowning man, they got a HUGE surprise..‚Ä¶ https://t.co/PAVPpirEj0",2018-09-27 09:04:05+00:00,60.02
-0.4588,0.0,-0.2,0.8,"'Parent Trap' ‚Äî @lindsaylohan  gets punched in the face after accusing refugee parents of trafficking, trying to ta‚Ä¶ https://t.co/mYKVJk7lZ7",2018-09-30 04:52:00+00:00,7.0,0.4019,0.153,-0.0,0.847,"A 33-year-old vet went to the VA for help. Hours later, he took his own life. https://t.co/Fv9cfLdrE9",2018-09-29 16:30:13+00:00,30.05,-0.296,0.0,-0.121,0.879,Hollywood legend Burt Reynolds has passed away at the age of 82. He will be missed. https://t.co/HSmcJ9X9iC,2018-09-06 22:10:49+00:00,190.8,-0.743,0.0,-0.259,0.741,"With all of its emotion and anger, the fight over Brett Kavanaugh‚Äôs nomination shows the power ‚Äî and limitations ‚Äî‚Ä¶ https://t.co/noh4jNNSNi",2018-09-29 23:15:07+00:00,3.73,0.7964,0.265,-0.056,0.678,"""It was probably the end of the night and I was definitely ready for my bed."" üòÇ

When a photo of you in a nightclub‚Ä¶ https://t.co/asnG7gQrC9",2018-09-27 08:04:04+00:00,32.0
-0.4131,0.089,-0.166,0.745,".@POTUS on @SenFeinstein's response that she didn't leak the Ford document: ""That was really bad body language. Who‚Ä¶ https://t.co/Lq1lJCgQiD",2018-09-30 04:45:00+00:00,8.0,-0.7906,0.0,-0.333,0.667,At least 384 are dead and hundreds injured after a tsunami and earthquake in Indonesia https://t.co/6QMEFJopLb https://t.co/IYCYKfCIUU,2018-09-29 16:00:10+00:00,14.05,0.4753,0.192,-0.0,0.808,Here are @FBICBS‚Äô @JeremySisto and @EboneeReigne with a powerful message before #StandUpToCancer airs tomorrow! https://t.co/OCqh91N1OO,2018-09-06 19:00:01+00:00,1320.02,0.6369,0.512,-0.0,0.488,Why I Love Reality Television https://t.co/AGqWcEkMpq,2018-09-29 23:11:23+00:00,11.3,0.5411,0.162,-0.0,0.838,"Up, up and away! These enormous kites took to the sky at a festival in Germany. üå¨  https://t.co/HSIAQAQQE9 https://t.co/iIWX5ERx8I",2018-09-27 07:32:04+00:00,28.03
-0.296,0.0,-0.196,0.804,#Florida mom claims newborn mistakenly breastfed by another woman https://t.co/WVlNMizcI7,2018-09-30 04:37:00+00:00,7.0,0.4939,0.158,-0.0,0.842,"Leland Ingham Keyser, a friend of Christine Blasey Ford, is not refuting Ford's allegation and will cooperate with‚Ä¶ https://t.co/TJafi07Kia",2018-09-29 15:46:07+00:00,28.8,0.0,0.0,-0.0,1.0,Here's everything you need to know before tuning into #StandUpToCancer this Friday at 8/7c: https://t.co/IT9ht84TZ1 https://t.co/OK4AOxw5mP,2018-09-05 21:00:00+00:00,207.33,0.0,0.0,-0.0,1.0,"The ancient roads, pyramids and houses revealed by laser mapping are forcing researchers to reevaluate what they th‚Ä¶ https://t.co/baWBR8vmel",2018-09-29 23:00:05+00:00,0.37,0.5551,0.339,-0.0,0.661,"So cute! üòçüê£ Meet Germany's 'Papa Goose'... 

https://t.co/3NtLqZQcnm",2018-09-27 07:04:02+00:00,660.93
0.0,0.0,-0.0,1.0,".@POTUS on the border wall: ""We're building it...we'll get it finished."" https://t.co/ILfnamUhPA",2018-09-30 04:30:00+00:00,8.0,0.0,0.0,-0.0,1.0,Typhoon Trami is unleashing heavy winds and rain on southern Japan as it slowly marches toward the nation's main is‚Ä¶ https://t.co/6mrQrfOpXW,2018-09-29 15:17:19+00:00,76.22,0.3612,0.111,-0.0,0.889,Survivor host @JeffProbst is here to break down the theme of #Survivor: David vs. Goliath before the new season beg‚Ä¶ https://t.co/8TcA200eFQ,2018-09-05 17:32:40+00:00,44.52,0.0,0.0,-0.0,1.0,"In KFC‚Äôs China Ads, Nuggets Are Served With Patriotism https://t.co/6NkG3Ummnl",2018-09-29 22:59:43+00:00,7.07,0.0,0.0,-0.0,1.0,The 14th Century house used as the birthplace of Harry Potter is still up for sale. ‚ö°Ô∏èüìñ  https://t.co/dcspAsDKrg https://t.co/NEOGYEkwBr,2018-09-26 20:03:06+00:00,56.02
0.6369,0.296,-0.0,0.704,Where to see the best fall foliage across the country https://t.co/mLmPsBMvC1,2018-09-30 04:22:00+00:00,7.0,0.1779,0.234,-0.245,0.52,"A Mediterranean diet -- rich in vegetables, fruits, nuts and fish -- could help lower a person's risk of depression‚Ä¶ https://t.co/qsWWdCkbp1",2018-09-29 14:01:06+00:00,15.0,0.6908,0.533,-0.0,0.467,"Thanks, @StephenAtHome. 
P.S. Nice beard. #LSSC https://t.co/wppVtfR9cL",2018-09-05 16:48:09+00:00,1213.72,-0.8225,0.0,-0.323,0.677,RT @nytopinion: The battle between the competing moralisms behind the Kavanaugh hearings risks becoming an all-out war between the sexes ‚Äî‚Ä¶,2018-09-29 22:52:39+00:00,12.52,0.0,0.0,-0.0,1.0,"üì¨Do not post crisp packets to Walkers, says Royal Mail ‚û°Ô∏è

https://t.co/3JbgtRfiBQ https://t.co/VWRXGKC9nJ",2018-09-26 19:07:05+00:00,185.0
0.4927,0.151,-0.0,0.849,"President @realDonaldTrump: ""A vote to confirm Judge Kavanaugh is a vote to confirm one of the most accomplished le‚Ä¶ https://t.co/AJMQc3DtPv",2018-09-30 04:15:00+00:00,6.98,-0.7003,0.055,-0.242,0.703,Shockwaves from the massive bombing raids during World War II reached the edge of space and weakened the Earth's up‚Ä¶ https://t.co/8KgMQNawGx,2018-09-29 13:46:06+00:00,15.1,0.4215,0.135,-0.0,0.865,The biggest names in entertainment are coming together once again for #StandUpToCancer this Friday at 8/7c on @CBS‚Ä¶ https://t.co/ntuGKLYvuW,2018-09-04 20:34:26+00:00,308.87,0.8625,0.381,-0.071,0.548,"RT @nytimesworld: ‚ÄúWithout any trust in the United States, there will be no confidence in our national security, and under such circumstanc‚Ä¶",2018-09-29 22:40:08+00:00,13.83,0.0,0.0,-0.0,1.0,"Did the Duchess of Sussex break protocol when she closed her car door? 

https://t.co/o2n2k0msfU https://t.co/qYmnjcI0ZM",2018-09-26 16:02:05+00:00,59.0
0.3612,0.143,-0.0,0.857,.@kayleighmcenany: Kavanaugh hearing is what Washington will look like if Democrats take back power (via‚Ä¶ https://t.co/Vu1nUwpmHa,2018-09-30 04:08:01+00:00,7.02,0.2732,0.116,-0.0,0.884,Former presidential candidate Hillary Clinton made a surprise appearance in the first episode of the 'Murphy Brown'‚Ä¶ https://t.co/4LW4920YfF,2018-09-29 13:31:00+00:00,14.95,0.6514,0.171,-0.0,0.829,RT @cbsallaccess: Stream #17 @WestVirginiaU vs. @UTKnoxville LIVE today at 3:30PM ET on CBS All Access! Try 1 month FREE using code BINGENO‚Ä¶,2018-09-01 15:25:34+00:00,1078.75,0.6369,0.198,-0.0,0.802,"The single best use of boneless, skinless chicken breasts? Make chicken francese, an Italian-American staple with l‚Ä¶ https://t.co/RlGsumk7mI",2018-09-29 22:26:18+00:00,16.18,0.659,0.403,-0.0,0.597,"This puffer fish creates something absolutely breathtaking. üê°üò≤ #LifeStory 

https://t.co/mxU7VERaCI",2018-09-26 15:03:05+00:00,59.08
0.0,0.0,-0.0,1.0,".@POTUS addressed the FBI investigation into Judge Kavanaugh Saturday: ""Well, I think it's fine...Actually, this co‚Ä¶ https://t.co/fOna8ZxKoa",2018-09-30 04:01:00+00:00,1.0,-0.3182,0.0,-0.113,0.887,"Is Emmanuel Macron the new Tony Blair -- lauded abroad, mocked at home? | Analysis by CNN's Melissa Bell‚Ä¶ https://t.co/Qss2RgsvMs",2018-09-29 13:16:03+00:00,14.85,0.0,0.0,-0.0,1.0,"In just one week, @RWitherspoon, @McConaughey, Jennifer Garner, and more will attend the #‚ÄãStandUpToCancer fundrais‚Ä¶ https://t.co/iHKGOoWejA",2018-08-31 21:26:49+00:00,205.8,0.0,0.0,-0.0,1.0,"As others fled amid a 7.5 magnitude earthquake, the last act of an air traffic controller in Palu, Indonesia was to‚Ä¶ https://t.co/krLnJkGH9P",2018-09-29 22:10:07+00:00,11.5,-0.25,0.0,-0.083,0.917,"RT @bbcweather: From today, night is longer than day. üåÉ/‚òÄ and the darkness is increasing at a rate of 4/5mins a day. Jo #Autumn https://t.c‚Ä¶",2018-09-26 14:04:00+00:00,0.95
0.0191,0.073,-0.069,0.858,TODAY: Don't miss @PressSec's exclusive interview on @FoxNewsSunday. Check your local listings and tune in at 2p an‚Ä¶ https://t.co/Vuk00E6qVp,2018-09-30 04:00:00+00:00,6.0,-0.7717,0.0,-0.309,0.691,"A dog lost part of her skull to cancer, so researchers 3D-printed a plate to replace it https://t.co/SxpvzKORbT https://t.co/UESQOryY0Y",2018-09-29 13:01:12+00:00,15.1,0.0,0.0,-0.0,1.0,"Believe in miracles. Watch this sneak peek of the complete premiere episode of @GodFriendedMe now, a month before i‚Ä¶ https://t.co/5AIUH5VmMk",2018-08-31 18:01:01+00:00,1335.17,0.1027,0.078,-0.06,0.862,Breaking News: Elon Musk will step down as Tesla's chairman for 3 years and pay a $20 million fine in an S.E.C. set‚Ä¶ https://t.co/BqwBhxl4xT,2018-09-29 21:58:37+00:00,13.92,0.0,0.0,-0.0,1.0,"Archaeologists have found a 400-year-old shipwreck off the coast of Portugal, in what one specialist called the ""di‚Ä¶ https://t.co/YP9fuo5Iz7",2018-09-26 14:03:03+00:00,58.95
-0.4939,0.0,-0.176,0.824,"Indonesian men survey the damage following earthquakes and a tsunami in Palu, Central Sulawesi, Indonesia, Saturday‚Ä¶ https://t.co/Y0mTblj3vE",2018-09-30 03:54:00+00:00,9.0,0.34,0.159,-0.0,0.841,"""Millions of Americans could follow live something that looked like a search for truth, but only on the surface. ..‚Ä¶ https://t.co/nAkVIZdR96",2018-09-29 12:46:06+00:00,15.1,-0.6908,0.0,-0.239,0.761,"RT @cbsallaccess: Money. Murder. Mystery. #OneDollar is now streaming, exclusively on CBS All Access. https://t.co/3qFdTEmVU5 https://t.co/‚Ä¶",2018-08-30 19:45:51+00:00,253.07,0.0,0.0,-0.0,1.0,RT @NYTScience: Their dad went to the moon and back. He wanted to know if they mowed the lawn. https://t.co/CFi9Hyye3a,2018-09-29 21:44:42+00:00,14.5,-0.1027,0.181,-0.229,0.59,"Another grand slam for @Andy_Murray üò¨

The tennis star took to Instagram to share the awkward moment he dropped a c‚Ä¶ https://t.co/fXEFv5P9Nz",2018-09-26 13:04:06+00:00,32.05
0.3384,0.146,-0.0,0.854,".@POTUS on trade: ""China, we're taking them on very strongly. First time ever."" https://t.co/Hb6tsSeyTI https://t.co/hTX7VkH7TH",2018-09-30 03:45:00+00:00,7.0,-0.1779,0.0,-0.078,0.922,A long-lost warship has been discovered off the coast of China after an extensive hunt to track down relics from fr‚Ä¶ https://t.co/NLz9VFBdx5,2018-09-29 12:31:00+00:00,14.92,0.6239,0.17,-0.0,0.83,RT @GodFriendedMe: It's a godsend! We're dropping the #GodFriendedMe pilot tomorrow right here on Twitter for you to stream a full month be‚Ä¶,2018-08-30 15:32:47+00:00,955.83,0.0,0.0,-0.0,1.0,"Train stations, some remade and others crumbling, reflect the trajectories of their towns and cities. See what we f‚Ä¶ https://t.co/icEIVfkdLi",2018-09-29 21:30:12+00:00,15.1,0.0,0.0,-0.0,1.0,An orangutan named Rocky has become the first to mimic human speech. üôäüí¨  https://t.co/DIGdTHwpNq https://t.co/MeQwgxocmm,2018-09-26 12:32:03+00:00,1.92
0.3182,0.187,-0.0,0.813,Fan hits @Yankees' @Giancarlo818 Stanton with his own HR ball https://t.co/kBTwWsw58P,2018-09-30 03:38:00+00:00,7.98,0.25,0.124,-0.08,0.796,One of the women who confronted Sen. Jeff Flake in a Capitol elevator Friday said she hopes other Republican senato‚Ä¶ https://t.co/GL6sJnfjpG,2018-09-29 12:16:05+00:00,15.68,0.0,0.0,-0.0,1.0,"It's almost time for sweater weather, pumpkin spice lattes, and CBS Fall TV premieres. Check out the storylines for‚Ä¶ https://t.co/BpgDyYl8fc",2018-08-27 23:36:57+00:00,186.68,-0.2732,0.0,-0.11,0.89,"In Opinion

Op-Ed contributor Rebecca Traister writes, ""This political moment has provoked a period in which more a‚Ä¶ https://t.co/2bLeiEnY5c",2018-09-29 21:15:06+00:00,14.95,0.0,0.0,-0.0,1.0,"It‚Äôs National #FitnessDay! üèÄÔ∏è‚öΩÔ∏èüéæ

How much do you really know about exercise? 

Take this quiz to find out‚Ä¶‚Ä¶ https://t.co/8t1SMXLZp2",2018-09-26 12:30:08+00:00,88.12
-0.5994,0.0,-0.231,0.769,".@SebGorka: ""This is politics in 2018 and it should disgust all Americans."" @WattersWorld https://t.co/35lxzxgawp",2018-09-30 03:30:01+00:00,6.02,0.6124,0.25,-0.0,0.75,"Instagram-friendly food. Yes, please. #NoFilter. Travel to Asturias, Spain on an all-new #PartsUnknown, Sunday at 9‚Ä¶ https://t.co/4uAoNu4idr",2018-09-29 12:00:24+00:00,14.35,-0.4389,0.0,-0.112,0.888,RT @cbsallaccess: #NFL preseason coverage is here! üèà The Detroit @Lions battle the Tampa Bay @Buccaneers tonight at 8PM ET. Stream the game‚Ä¶,2018-08-24 20:30:16+00:00,1414.85,0.0,0.0,-0.0,1.0,The clock has begun ticking on the one-week FBI investigation into sexual misconduct allegations made against Brett‚Ä¶ https://t.co/2iTIWCs99o,2018-09-29 21:00:09+00:00,15.13,0.0,0.0,-0.0,1.0,"It's that time of year again... üôÑ

https://t.co/LxjiPTYUIG",2018-09-26 11:02:01+00:00,15.28
-0.5423,0.0,-0.2,0.8,OPINION: Kavanaugh debate is exactly why our founders thought early voting was a bad idea https://t.co/pcmEtyjtOM,2018-09-30 03:24:00+00:00,9.0,0.5574,0.205,-0.0,0.795,Jeff Flake's moment: How a reliable conservative cast Brett Kavanaugh's Supreme Court confirmation into doubt‚Ä¶ https://t.co/DIRC09z8tk,2018-09-29 11:46:03+00:00,15.05,0.0,0.0,-0.0,1.0,"@bigbangtheory üé∂...happy kitty, sleepy kitty, purr purr purrüé∂ #TheBigBangTheory https://t.co/sEObppGJlZ",2018-08-22 20:55:25+00:00,45.22,0.0,0.0,-0.0,1.0,A 2016 law in France penalized paying for sex instead of selling it. But some prostitutes say that law puts them in‚Ä¶ https://t.co/Cr8QXhubCD,2018-09-29 20:45:01+00:00,13.88,0.3182,0.126,-0.0,0.874,RT @BBCRadio4: üé∂ Prepare for adventure as @gemcairn takes @KojeyRadical on a musical journey to Accra... https://t.co/mvTfrBzlnB,2018-09-26 10:46:44+00:00,42.67
0.5386,0.181,-0.055,0.764,"Steve Pomerantz: ‚ÄúThe FBI never reaches a conclusion, but hopefully they provide enough information within their re‚Ä¶ https://t.co/PFU7bSE0qM",2018-09-30 03:15:00+00:00,7.0,0.0,0.0,-0.0,1.0,Meet DJ Switch: A 10-year-old girl from Ghana who wants to be a gynecologist when she grows up. Erica Armah Bra-Bul‚Ä¶ https://t.co/PyxMF661f6,2018-09-29 11:31:00+00:00,14.97,0.0,0.0,-0.0,1.0,"This is going to require multiple singings of ""Soft Kitty."" https://t.co/UdRGNeQ7Lb",2018-08-22 20:10:12+00:00,1330.27,-0.6159,0.0,-0.201,0.799,"After 45 years, more than 1,000 fights and some of the most lucrative and controversial matches of all time, HBO is‚Ä¶ https://t.co/4mMsRAGgP2",2018-09-29 20:31:08+00:00,16.03,0.0,0.0,-0.0,1.0,"What. A. Voice. üòÆüëè

7-year-old Malea Emma was asked to sing the national anthem before an LA Galaxy game...

https://t.co/WHmbmTKkyU",2018-09-26 10:04:04+00:00,10.22
-0.6486,0.0,-0.323,0.677,"Otis Rush, legendary Chicago blues guitarist, dead at 84 https://t.co/kN7Lm8Ahjx",2018-09-30 03:08:00+00:00,8.0,-0.5719,0.0,-0.15,0.85,An American flag shown on a livestream as it was shredded by the fury of Hurricane Florence is being auctioned to h‚Ä¶ https://t.co/8WsJqWsBnN,2018-09-29 11:16:02+00:00,14.95,0.5423,0.171,-0.0,0.829,Got to get more of the @PaulMcCartney #CarpoolKaraoke into your life? @latelateshow produced an hour-long bonus spe‚Ä¶ https://t.co/DjPqajo6Xn,2018-08-20 21:59:56+00:00,257.9,-0.3612,0.0,-0.111,0.889,"""Rarely has the reputation of a leader fallen so far, so fast."" Aung San Suu Kyi: Nobel laureate, democracy icon an‚Ä¶ https://t.co/mZsqBBfYGG",2018-09-29 20:15:06+00:00,13.07,0.0,0.0,-0.0,1.0,RT @BBCLater: Record-breaking UK solo artist @JessGlynne got our brand new series off to a storming start tonight... Watch the performance‚Ä¶,2018-09-26 09:53:51+00:00,49.78
0.0,0.0,-0.0,1.0,.@repcleaver: ‚ÄúWhat we saw yesterday was an undignified dogfight parading as a hearing.‚Äù https://t.co/9hpaLcIto4 https://t.co/SRkO9SRMP8,2018-09-30 03:00:00+00:00,8.0,0.0,0.0,-0.0,1.0,Cutting-edge research on an ancient mummy shows that Egyptians were embalming bodies in prehistoric times https://t.co/GwmUQHSQW0,2018-09-29 11:01:05+00:00,0.08,0.3182,0.113,-0.0,0.887,"How much does it cost to bury the truth? 
#OneDollar premieres August 30, exclusively on CBS All Access. https://t.co/ZL5TBH9ro5",2018-08-17 17:42:02+00:00,1381.88,0.128,0.23,-0.175,0.595,Golf Digest and college students helped free a man wrongly convicted of murder. Here's the week in good news. https://t.co/yzDgXavDaQ,2018-09-29 20:02:02+00:00,1.98,0.0,0.0,-0.0,1.0,"Discover the ancient volcanoes along Scotland‚Äôs west coast... üòÆüåã

https://t.co/kEPUuvtDN3",2018-09-26 09:04:04+00:00,60.02
0.0,0.0,-0.0,1.0,White House limits FBI's Kavanaugh inquiry to 2 of 3 accusers: report https://t.co/8qby1fYGiZ,2018-09-30 02:52:00+00:00,7.0,0.5719,0.198,-0.0,0.802,This Ohio town celebrated Christmas a few months early this year for a 2-year-old with brain cancer‚Ä¶ https://t.co/FIO0Ia2eWO,2018-09-29 11:01:00+00:00,14.97,0.0,0.0,-0.0,1.0,Things got carried away when @ArianaGrande joined @latelateshow for #CarpoolKaraoke. So did Ariana. #ArianaCarpool https://t.co/WSZcC0TaYz,2018-08-16 18:40:09+00:00,1111.1,0.0,0.0,-0.0,1.0,"A Sloan Kettering executive will give up his $1.4 million stake in a biotech start-up, as the hospital re-examines‚Ä¶ https://t.co/0yV9ZY68y7",2018-09-29 20:00:03+00:00,14.93,0.4767,0.353,-0.168,0.479,How to help a friend who's struggling with mental health. https://t.co/X9PwihsgH9 https://t.co/0lUMrtmb1j,2018-09-26 08:04:03+00:00,32.98
-0.3412,0.0,-0.099,0.901,"Peter Navarro: ‚ÄúAt the end of the day, this president is not going to take a deal that‚Äôs not good for this county.‚Äù https://t.co/RE9OEpOscU",2018-09-30 02:45:00+00:00,7.0,-0.7351,0.0,-0.256,0.744,"An estimated 80,000 Americans died of flu and its complications last winter, the CDC says, making it the deadliest‚Ä¶ https://t.co/S9vUosYzPB",2018-09-29 10:46:02+00:00,15.03,-0.5267,0.092,-0.188,0.72,RT @cbsallaccess: Murder mystery set in a small town? We're in. Rediscover the genius of original #TwinPeaks co-creators @DAVID_LYNCH and @‚Ä¶,2018-08-16 00:09:03+00:00,39.02,-0.1027,0.0,-0.072,0.928,Text messages that were supposed to warn Indonesians of a possible tsunami were foiled when cellphone towers were d‚Ä¶ https://t.co/A3nTUxRGuF,2018-09-29 19:45:07+00:00,15.03,0.0,0.0,-0.0,1.0,"Students can take a David Bowie course at Leeds University. ‚úçüéì 

üìªüëâ https://t.co/4jPPrnAK5S https://t.co/0ISuNTEZ5b",2018-09-26 07:31:04+00:00,28.95
0.0,0.0,-0.0,1.0,'Last Man Standing' star @ofctimallen says it's 'nobody's business' what he thinks about politics https://t.co/PYtsqdywPj,2018-09-30 02:38:00+00:00,7.0,0.2732,0.104,-0.0,0.896,SiriusXM is buying Pandora in a $3.5 billion all-stock deal. The deal will create the world's largest audio enterta‚Ä¶ https://t.co/pBImRwJDun,2018-09-29 10:31:00+00:00,14.62,0.0,0.0,-0.0,1.0,New start times for @60Minutes 7:20ET/6:20CT @CBSBigBrother 8:20ET/7:20CT @NCISLA 9:20ET/8:20CT @Elementary_CBS 10:‚Ä¶ https://t.co/Op9VcDsREa,2018-08-12 23:30:02+00:00,505.05,0.8271,0.367,-0.0,0.633,"He was always smiling, always laughing and running, like the average 4-year-old,‚Äù a neighbor said. ‚ÄúThat‚Äôs why this‚Ä¶ https://t.co/cZNILgbREW",2018-09-29 19:30:05+00:00,12.9,0.0,0.0,-0.0,1.0,"From Hawarden to Mount Snowdon, it's #MonkmanAndSeagull's Guide To Wales! üôå @e_monkman @bobby_seagull 

https://t.co/witW8qatbV",2018-09-26 07:02:07+00:00,659.03
0.7351,0.237,-0.0,0.763,Peter Navarro: ‚ÄúMost of the big issues are solved with Canada. It‚Äôs a great deal for all three countries in that it‚Ä¶ https://t.co/ixGvi92XtP,2018-09-30 02:31:00+00:00,9.0,-0.7871,0.0,-0.362,0.638,4-year-old Florence didn't like sharing her name with a bad hurricane. So she did something about it.‚Ä¶ https://t.co/xyubP5kQJJ,2018-09-29 10:16:23+00:00,15.33,0.4389,0.126,-0.0,0.874,Clear your schedules for the 100th #PGAChamp! Stream the Final Round LIVE on @cbsallaccess at 2 PM ET across all de‚Ä¶ https://t.co/m6bH2pKTUN,2018-08-12 15:04:59+00:00,1264.98,0.0,0.0,-0.0,1.0,"In Opinion
Op-Ed contributor Sarah Hepola writes, ""I cannot know whether Judge Kavanaugh experienced a blackout. Bu‚Ä¶ https://t.co/WYAFRRh0Mq",2018-09-29 19:17:11+00:00,16.95,0.296,0.145,-0.0,0.855,"Tonight @JessGlynne, @idlesband, @softcellhq, @Ralph_McTell, @KingPrincess69 and @HakBaker join Jools on the first‚Ä¶ https://t.co/Lb6VCJ3eQI",2018-09-25 20:03:05+00:00,59.98
-0.5859,0.151,-0.377,0.472,Barrier collapse at Global Citizen Festival in Central Park sends thousands into panic https://t.co/i5ynivjSMa,2018-09-30 02:22:00+00:00,7.0,0.0,0.0,-0.0,1.0,"A newly discovered dinosaur species that's believed to have weighed 26,000 pounds was the largest land animal of it‚Ä¶ https://t.co/9ECuIOr32E",2018-09-29 10:01:03+00:00,14.95,-0.3182,0.0,-0.103,0.897,The fortune teller you‚Äôll meet this Saturday lived a life of luxury... by scamming her victims out of hundreds of t‚Ä¶ https://t.co/fJo6F2Eo5p,2018-08-11 18:00:00+00:00,179.97,0.0,0.0,-0.0,1.0,"Did you stay up to date this week? Find out with this week's news quiz.
https://t.co/RrFhnBzf7H",2018-09-29 19:00:14+00:00,5.17,0.4019,0.137,-0.0,0.863,"Christopher Eccleston narrates a film which asks whether, a century later, the lessons learnt in 1918 might help us‚Ä¶ https://t.co/BiR6nIr1bz",2018-09-25 19:03:06+00:00,150.28
0.0,0.0,-0.0,1.0,SUNDAY: Fox News goes inside the Kavanaugh nomination and next steps. Tune in for live coverage starting at 9p ET. https://t.co/Y7u1F70368,2018-09-30 02:15:00+00:00,5.0,-0.4588,0.138,-0.27,0.592,A health crisis turned this Trump voter into a Democrat supporter https://t.co/6fbxhN0Gq3 https://t.co/Pa6ykEVDGy,2018-09-29 09:46:06+00:00,15.1,0.4926,0.144,-0.0,0.856,The 100th PGA Championship continues today! Stream it LIVE on @cbsallaccess at 2PM ET across all devices. Try 1 Wee‚Ä¶ https://t.co/jbMg06eOND,2018-08-11 15:00:02+00:00,991.12,0.0,0.0,-0.0,1.0,"The booming housing market is slowing down. Years of breakneck price increases have outpaced wages, and buyers have‚Ä¶ https://t.co/L4av1FXzA9",2018-09-29 18:55:04+00:00,15.05,0.0,0.0,-0.0,1.0,"RT @BBCOne: **BREAKING** Meet your 2018 candidates, as introduced by @MattEdmondson on @bbciplayer &gt;&gt; https://t.co/oUaGVpPBuf

#TheApprenti‚Ä¶",2018-09-25 16:32:49+00:00,30.77
-0.5859,0.151,-0.377,0.472,Barrier collapse at Global Citizen Festival in Central Park sends thousands into panic. https://t.co/i5yniv2hnA,2018-09-30 02:10:00+00:00,5.0,0.7351,0.36,-0.0,0.64,"This 7-year-old girl wowed a crowd with a stunning rendition of the ""Star-Spangled Banner"" https://t.co/pSUda8DlDK",2018-09-29 09:31:00+00:00,14.93,0.8957,0.419,-0.0,0.581,"To celebrate the 100th PGA Championship, relive some of the tournament's greatest moments with Luke Wilson. 

Don't‚Ä¶ https://t.co/wUuB93smr4",2018-08-10 22:28:55+00:00,149.68,-0.4215,0.0,-0.141,0.859,"With their indignant eruptions in the Senate, Brett Kavanaugh and Lindsey Graham took a page from President Trump's‚Ä¶ https://t.co/Y6GaKJHoMP",2018-09-29 18:40:01+00:00,14.93,0.6114,0.285,-0.0,0.715,"Happy birthday to the one and only Will Smith! üéâüéà

https://t.co/CqmihTvPYW",2018-09-25 16:02:03+00:00,60.02
-0.1779,0.215,-0.2,0.585,Joshua Rogers: I tried to help two hostages escape terrorists. Here's what happened. (via @FoxNewsOpinion) https://t.co/01x6GfgGnC,2018-09-30 02:05:00+00:00,1.62,0.0,0.0,-0.0,1.0,"Researchers used a gene editing tool to wipe out a population of malaria-carrying mosquitoes in a lab, raising the‚Ä¶ https://t.co/8CBwo1R2MV",2018-09-29 09:16:04+00:00,15.0,0.0,0.0,-0.0,1.0,"RT @TrueCrimeCBS: When Glenn Walp and Steve Doran uncovered theft at the Los Alamos National Laboratory, they HAD to blow their whistles. W‚Ä¶",2018-08-10 19:59:14+00:00,1379.23,0.6908,0.245,-0.05,0.705,RT @nytimesbusiness: The White House Council of Economic Advisers calculates that increasingly generous paid leave benefits mean that the a‚Ä¶,2018-09-29 18:25:05+00:00,15.0,0.5267,0.226,-0.089,0.685,".@BTS_twt have now gone where no K-pop group has gone before: The United Nations.

In a powerful speech, Kim Nam-jo‚Ä¶ https://t.co/bkZFU5VfFX",2018-09-25 15:02:02+00:00,61.65
0.0,0.0,-0.0,1.0,.@POTUS arrives at Andrews Air Force Base after a rally in West Virginia.  https://t.co/HfnB2iPbHU,2018-09-30 02:03:23+00:00,3.38,0.0,0.0,-0.0,1.0,Here's what Jeff Flake just did -- and what it means for Brett Kavanaugh | Analysis by @CillizzaCNN‚Ä¶ https://t.co/JCySrc71ZI,2018-09-29 09:01:04+00:00,14.98,0.6696,0.255,-0.0,0.745,Want to create your own @CBSBigBrother or @TKOCBS meme using one the photos here? It‚Äôs your lucky day! Head over to‚Ä¶ https://t.co/JHJWykNkQT,2018-08-09 21:00:00+00:00,133.0,0.0,0.0,-0.0,1.0,"Organizers have announced a date for the 2019 Women's March, which will be held in Washington with sister demonstra‚Ä¶ https://t.co/6b1sZxT5RE",2018-09-29 18:10:05+00:00,15.03,0.0,0.0,-0.0,1.0,"üî§Scrabble players will now be able to use words such as ""OK"" and ""ew"" after a US dictionary company announced it wa‚Ä¶ https://t.co/kMHWzb8Gwi",2018-09-25 14:00:23+00:00,55.35
-0.5106,0.0,-0.292,0.708,"Washington man gets prison for overharvesting sea cucumbers.
https://t.co/zx7hhdTHcs",2018-09-30 02:00:00+00:00,4.42,0.3612,0.106,-0.0,0.894,Tom Hanks is ready to be your neighbor -- as Mister Rogers in an upcoming and as-yet-untitled film about the childr‚Ä¶ https://t.co/7eSkMCA6HC,2018-09-29 08:46:05+00:00,14.08,0.7901,0.28,-0.0,0.72,Time to celebrate! Your favorite Daytime shows will premiere with new seasons this fall. See all of the @CBSDaytime‚Ä¶ https://t.co/GNkK4Zf2kD,2018-08-09 18:47:00+00:00,161.82,0.2617,0.141,-0.091,0.767,The invisible recession: A major economic event in 2016 escaped much public notice. But its impact was huge. https://t.co/HkKRiSBiOw,2018-09-29 17:55:03+00:00,11.62,0.0,0.0,-0.0,1.0,"In Sweden, you get paid double to be a parent.

(Via @BBCThree)

https://t.co/daXes3fiZX",2018-09-25 13:05:02+00:00,32.95
0.0,0.0,-0.0,1.0,"David Wright walks off to long ovation in farewell game with the Mets.
https://t.co/0Tkgd7uvrF",2018-09-30 01:55:35+00:00,12.58,0.4215,0.149,-0.0,0.851,Rescuers scrambled to find survivors after a powerful earthquake hit the Indonesian island of Sulawesi and triggere‚Ä¶ https://t.co/7RA9NcPQgT,2018-09-29 08:32:00+00:00,1.0,0.6696,0.209,-0.0,0.791,"Love is in the air, and the water! International smash hit #LoveIsland is coming to CBS. https://t.co/nepabuNoSU https://t.co/Cxgvkv463u",2018-08-08 16:05:11+00:00,1438.23,0.3612,0.116,-0.0,0.884,"Our 52 Places Traveler visits the Italian Dolomites and finds mountains like a ""crowd of pious giants frozen in sto‚Ä¶ https://t.co/w9KvaH0hgw",2018-09-29 17:43:26+00:00,17.5,0.0,0.0,-0.0,1.0,Indonesian teenager survives 49 days adrift at sea in 'fishing hut'. https://t.co/5rKpohNfRi https://t.co/qlRvoxZGe2,2018-09-25 12:32:05+00:00,89.0
0.5919,0.212,-0.0,0.788,"SUNDAY: Don't miss Kentucky Gov. @MattBevin on ""Life, Liberty and Levin"" hosted by @marklevinshow. Tune in at 11p E‚Ä¶ https://t.co/pBAGl2huuZ",2018-09-30 01:43:00+00:00,3.0,-0.2023,0.0,-0.087,0.913,Watch a rare gulper eel change its shape right before your eyes -- a unique method it uses to intimidate predators‚Ä¶ https://t.co/nzC3Cnofq9,2018-09-29 08:31:00+00:00,14.97,0.0,0.0,-0.0,1.0,The Executive Producers of @CBSBigBrother are teaming up with @KingJames and @MavCarter for an unprecedented televi‚Ä¶ https://t.co/V88bDeHmQs,2018-08-07 16:06:57+00:00,946.03,0.0,0.0,-0.0,1.0,Sign up to get the Race/Related newsletter by email https://t.co/j1V640Odl3,2018-09-29 17:25:56+00:00,0.78,0.0,0.0,-0.0,1.0,"This is what happens when you teach African teenage girls to fly. ‚úàÔ∏è

https://t.co/1Kp4Ael1FO",2018-09-25 11:03:05+00:00,24.07
-0.296,0.118,-0.175,0.708,Sen. @LindseyGrahamSC says McCain's anger at Kavanaugh hearing 'would have made me look like a choir boy' https://t.co/YYpdwDLimf,2018-09-30 01:40:00+00:00,10.0,0.0,0.0,-0.0,1.0,The first case of rat hepatitis E has been discovered in a human https://t.co/lvjXReLtiT https://t.co/lX83xliAkt,2018-09-29 08:16:02+00:00,14.93,0.3612,0.111,-0.0,0.889,"RT @cbsallaccess: Executive Producer of Tell Me A Story, @kevwilliamson, says ""What I like about the show, there‚Äôs nothing else on TV like‚Ä¶",2018-08-06 00:20:55+00:00,13.28,0.0,0.0,-0.0,1.0,"""Black women‚Äôs feminist contributions are very often erased,"" the novelist Tayari Jones observed. But their influen‚Ä¶ https://t.co/CG1Gty3FJw",2018-09-29 17:25:09+00:00,14.07,0.0,0.0,-0.0,1.0,"RT @bbcpress: üëâ Meet the new #TheApprentice contestants. Who will be the first to hear the words ""you're fired""? Series starts 3 October on‚Ä¶",2018-09-25 10:39:01+00:00,35.98
-0.25,0.12,-0.184,0.696,"Shark attacks spark concern for Cape Cod beachgoers: 'They're eating our children'
https://t.co/ABVyrQGBj9",2018-09-30 01:30:00+00:00,10.0,0.0,0.0,-0.0,1.0,"He was the only one in his family to survive the Holocaust, and he's pushing Oregon state legislators to mandate th‚Ä¶ https://t.co/WzvGKIqO9Q",2018-09-29 08:01:06+00:00,15.0,0.7424,0.3,-0.082,0.617,RT @TheNeighborhood: Feel the love in this new teaser for #TheNeighborhood from the #CBS #TCA18! ü§ó https://t.co/rPmCozH5XP,2018-08-06 00:07:38+00:00,4.67,0.0,0.0,-0.0,1.0,"At this very moment, The Upshot and Siena College pollsters are making phone calls across America. You call follow‚Ä¶ https://t.co/FEh7w3EIsH",2018-09-29 17:11:05+00:00,16.07,0.0,0.0,-0.0,1.0,"Who knew eating a pizza could be this filthy? üòÇüçï #QI

https://t.co/eeYWlRL9eV",2018-09-25 10:03:02+00:00,70.0
0.6808,0.359,-0.0,0.641,"Texas Senate race between @TedCruz, @BetoORourke generating excitement, boosting congressional races. https://t.co/mW9O5UiY4G",2018-09-30 01:20:00+00:00,3.02,0.0,0.0,-0.0,1.0,"With six months to go before Britain formally leaves the European Union, Brexit has never looked more baffling | An‚Ä¶ https://t.co/LyMCpo7ZsR",2018-09-29 07:46:06+00:00,15.1,0.3818,0.106,-0.0,0.894,RT @TheNeighborhood: Find out why Cedric the Entertainer and the cast think #TheNeighborhood is the kind of show that everyone can relate t‚Ä¶,2018-08-06 00:02:58+00:00,0.93,0.3919,0.135,-0.0,0.865,"Christine Blasey Ford's composed, but wrenching, testimony was ""a stark reminder of the gender dynamics, and mental‚Ä¶ https://t.co/QRAo9fYkb6",2018-09-29 16:55:01+00:00,14.9,0.4215,0.128,-0.0,0.872,"‚ôªÔ∏è It's so different from place to place‚Ä¶ is there an easier way to sort this plastic recycling? 

https://t.co/75TG6dddQd",2018-09-25 08:53:02+00:00,23.03
0.7906,0.304,-0.0,0.696,"Rep. @DevinNunes: ""When you take a Supreme Court justice, and you have senators talking about high school yearbooks‚Ä¶ https://t.co/Mi5ENqhUGo",2018-09-30 01:16:59+00:00,5.47,-0.4019,0.0,-0.137,0.863,"She learned to swim at age 50 and now has 271 medals. Oh, and she's blind. https://t.co/6aE9ZfLp25 https://t.co/enpatLCJkN",2018-09-29 07:31:00+00:00,14.9,0.5093,0.141,-0.0,0.859,That's all for our #CBS #TCA18 panels! Tune in this fall to watch all your favorite new shows. üôå https://t.co/hM85o9eRi8,2018-08-06 00:02:02+00:00,3.35,-0.296,0.0,-0.099,0.901,A sleepless night and pressure from all sides: Inside the 24 hours that led Senator Jeff Flake to call to investiga‚Ä¶ https://t.co/cnfYEQkQcE,2018-09-29 16:40:07+00:00,20.07,0.2263,0.213,-0.0,0.787,"Plastic is everywhere. Are you surprised?

#PlasticsWatch https://t.co/q1QXHYgYAR",2018-09-25 08:30:00+00:00,27.88
0.0,0.0,-0.0,1.0,".@JudgeJeanine: ""The establishment Republicans have buckled, caved and bowed to the Democrats."" https://t.co/bR7nbTuMe4",2018-09-30 01:11:31+00:00,6.52,-0.2263,0.07,-0.119,0.811,"China challenges Trump, saying the country will not be ""blackmailed or yield to pressure"" on trade‚Ä¶ https://t.co/gioWFMYrzQ",2018-09-29 07:16:06+00:00,10.07,0.0,0.0,-0.0,1.0,"RT @MagnumPICBS: ""If there was ever a time to bring back #MagnumPI, it's now."" - @PLenkov 
#CBS #TCA2018",2018-08-05 23:58:41+00:00,14.03,-0.2612,0.08,-0.155,0.765,"RT @nytopinion: I never felt compelled to share my story before, because it is so common, because so many women have been through worse. Bu‚Ä¶",2018-09-29 16:20:03+00:00,14.92,0.0,0.0,-0.0,1.0,"ü§îüé®Quiz: Can you guess which musicians painted these pictures?

https://t.co/CNo9uMGasj https://t.co/YrQeRins9E",2018-09-25 08:02:07+00:00,30.02
0.0,0.0,-0.0,1.0,"Speaking with reporters at the @WhiteHouse before his departure to West Virginia for a rally Saturday, President‚Ä¶ https://t.co/jcHMMhpEsu",2018-09-30 01:05:00+00:00,10.0,0.0,0.0,-0.0,1.0,Residents in a community north of St. Louis got some news this week they've long wanted to hear. Radioactive materi‚Ä¶ https://t.co/iKftNAfkCR,2018-09-29 07:06:02+00:00,4.92,0.8316,0.306,-0.0,0.694,"RT @MagnumPICBS: ""There are a lot of easter eggs from the original that fans from the original series will love, and they're peppered throu‚Ä¶",2018-08-05 23:44:39+00:00,3.3,0.0,0.0,-0.0,1.0,"Marty Balin, the founder, lead singer and songwriter for Jefferson Airplane and key member of Jefferson Starship, d‚Ä¶ https://t.co/Soyr6U4eID",2018-09-29 16:05:08+00:00,10.03,0.6369,0.231,-0.0,0.769,"üéìWhat's the best university name in the world to put on a job application?

https://t.co/2uEYRC075L https://t.co/tLmNn6W4Rt",2018-09-25 07:32:06+00:00,646.98
0.0,0.0,-0.0,1.0,"Russia, North Korea use UN General Assembly to blast US. https://t.co/xikiCMnDe5",2018-09-30 00:55:00+00:00,3.75,0.0,0.0,-0.0,1.0,"Scientists may have uncovered an entire new whale species that lived millions of years ago. 

Bones found at a land‚Ä¶ https://t.co/CPEci8kHtP",2018-09-29 07:01:07+00:00,15.08,0.0,0.0,-0.0,1.0,"RT @MagnumPICBS: ""What we are trying to do is introduce the show to a new audience...it's going to open it up for anyone that's new and the‚Ä¶",2018-08-05 23:41:21+00:00,5.53,-0.5267,0.0,-0.195,0.805,"Brett Kavanaugh‚Äôs testimony raised questions about his neutrality and temperament, threatening the already fragile‚Ä¶ https://t.co/pyz4RGBCmF",2018-09-29 15:55:06+00:00,15.02,0.6369,0.198,-0.0,0.802,"Ô∏è‚öΩÔ∏èüèÜ @HKane, @hazardeden10 and @MoSalah are on the shortlist for the best men's player, while England's @LucyBronze‚Ä¶ https://t.co/3cD3mKTSMk",2018-09-24 20:45:07+00:00,163.0
-0.5994,0.0,-0.231,0.769,".@SebGorka: ""This is politics in 2018 and it should disgust all Americans."" @WattersWorld https://t.co/9nGcz8FNzN",2018-09-30 00:51:15+00:00,4.35,0.0,0.0,-0.0,1.0,Alexandria Ocasio-Cortez and Bernie Sanders are two of the biggest names in Democratic politics. Watch The Point wi‚Ä¶ https://t.co/LU0hTZLkS6,2018-09-29 06:46:02+00:00,15.03,0.5994,0.157,-0.0,0.843,"RT @MagnumPICBS: ""This has been my white whale since I was a kid. I always loved #MagnumPI. Putting words in Magnum's mouth is something I'‚Ä¶",2018-08-05 23:35:49+00:00,0.05,0.7579,0.254,-0.0,0.746,"""I feel like it was a message being sent: 'Don‚Äôt be like Tara or you will end up like Tara,'"" one woman said of the‚Ä¶ https://t.co/ZO6fAkjXHT",2018-09-29 15:40:05+00:00,15.0,-0.34,0.0,-0.112,0.888,"Keeping the head on is an unwritten rule of the job... üò≥Ô∏è‚öΩÔ∏è

A video of Colorado's football mascot accidentally sho‚Ä¶ https://t.co/vn9YzZeMLj",2018-09-24 18:02:07+00:00,89.98
-0.6369,0.0,-0.271,0.729,"Trump defends Kavanaugh, derides Dems for shameful conduct and socialist shift during West Virginia rally. https://t.co/qQm4MwmD95",2018-09-30 00:46:54+00:00,4.83,0.6597,0.252,-0.0,0.748,"Called ""The Passion Diamond Shoes"", these gold and diamond-encrusted stilettos are believed to be the world's most‚Ä¶ https://t.co/SlWbYMBAVM",2018-09-29 06:31:00+00:00,9.98,0.0,0.0,-0.0,1.0,RT @MagnumPICBS: It's #MagnumPI time at the #CBS #TCA2018! Follow along as we live tweet the panel!,2018-08-05 23:35:46+00:00,19.35,-0.296,0.0,-0.115,0.885,The parents of this 6-year-old boy believed his speech difficulties were due to developmental delays. Then a dentis‚Ä¶ https://t.co/ag4Kk6ekJ5,2018-09-29 15:25:05+00:00,13.02,-0.2714,0.0,-0.099,0.901,"‚ú®üï∫üíÉ @ZoeTheBall is back to give the lowdown on this series of @BBCStrictly!

Strictly - It Takes Two | 6:30pm |‚Ä¶ https://t.co/6rLJAtcYYx",2018-09-24 16:32:08+00:00,5.95
0.0,0.0,-0.0,1.0,".@POTUS: ""Together we are taking back our country, and returning power to where it belongs‚Äîto the American people.""‚Ä¶ https://t.co/zSGySvpSJk",2018-09-30 00:42:04+00:00,11.52,-0.91,0.0,-0.455,0.545,Federal prosecutors will seek the death penalty against the suspect in New York's deadliest terror incident since 9‚Ä¶ https://t.co/ThwUJ8LqTj,2018-09-29 06:21:01+00:00,4.95,0.5826,0.173,-0.0,0.827,RT @happytogether: Thanks for following along! That concludes the #HappyTogether panel at the #CBS #TCA2018! @MagnumPICBS is up next!,2018-08-05 23:16:25+00:00,3.77,0.34,0.124,-0.0,0.876,"In a unanimous vote, Canadian lawmakers move to strip Daw Aung San Suu Kyi of her honorary citizenship https://t.co/KBI7JlUI2h",2018-09-29 15:12:04+00:00,16.97,0.0,0.0,-0.0,1.0,"RT @BBCOne: We're doing this to the letter, fellas. #LineOfDuty is back in t-w-e-n-t-y n-i-n-e-t-e-e-n. @martin_compston @Vicky_McClure htt‚Ä¶",2018-09-24 16:26:11+00:00,32.27
0.7073,0.245,-0.0,0.755,".@POTUS on North Korea: ""Now we have this great relationship, let's see what happens."" https://t.co/Hb6tsSeyTI https://t.co/q0AqhZB80g",2018-09-30 00:30:33+00:00,8.23,0.6901,0.24,-0.0,0.76,"76% percent of registered voters say that Supreme Court appointments are ""very important"" to their vote in 2018, a‚Ä¶ https://t.co/nFA4qx6dBP",2018-09-29 06:16:04+00:00,10.0,-0.5093,0.0,-0.202,0.798,"RT @happytogether: Question: Even though you're not playing @Harry_Styles, did you do a Harry crash course?
@itsfelixwot: Absolutely not. C‚Ä¶",2018-08-05 23:12:39+00:00,2.32,-0.5719,0.0,-0.198,0.802,"Christine Blasey Ford‚Äôs searing testimony before the Senate Judiciary Committee, and Brett Kavanaugh‚Äôs furious resp‚Ä¶ https://t.co/UjbN3YWdSi",2018-09-29 14:55:06+00:00,13.2,0.2144,0.128,-0.099,0.773,RT @BBCOne: How easy is it to get help for mental health when you need it? 14-year-old Jess was refused treatment for anxiety but went on t‚Ä¶,2018-09-24 15:53:55+00:00,36.47
0.3384,0.146,-0.0,0.854,".@POTUS on trade: ""China, we're taking them on very strongly. First time ever."" https://t.co/Hb6tsSeyTI https://t.co/h0fKLMScW6",2018-09-30 00:22:19+00:00,4.17,-0.2023,0.0,-0.083,0.917,"""I wanted him to be a hero,"" says one of the women who confronted Arizona Sen. Jeff Flake in a Capitol elevator https://t.co/lmupJy9O9D",2018-09-29 06:06:04+00:00,4.98,0.0,0.0,-0.0,1.0,"RT @happytogether: ""The show is about marriage, it's about getting a bit older, it's about youthfulness, it's about something happening and‚Ä¶",2018-08-05 23:10:20+00:00,4.37,-0.9042,0.0,-0.337,0.663,"RT @NYTScience: ‚ÄúIf you are too upset, you are crazy. If you are not upset enough, people don‚Äôt believe you were raped. So you have to be j‚Ä¶",2018-09-29 14:41:54+00:00,16.82,0.0,0.0,-0.0,1.0,"RT @bbcdoctorwho: 1,2,3,4‚Ä¶. Thirteen #DoctorWho #Sheffield https://t.co/xaDWu2DmtF",2018-09-24 15:17:27+00:00,10.88
0.4168,0.165,-0.0,0.835,".@POTUS: ""Republicans believe America should be a sanctuary for law abiding Americans, not criminal aliens.""‚Ä¶ https://t.co/DukJfuysuc",2018-09-30 00:18:09+00:00,6.15,-0.2732,0.0,-0.095,0.905,"Ted Turner is battling Lewy body dementia, the CNN founder revealed in an interview that will air over the weekend‚Ä¶ https://t.co/lujykXCSWx",2018-09-29 06:01:05+00:00,0.08,0.6041,0.225,-0.0,0.775,"RT @happytogether: ""It's always good to have a little bit of truth in whatever you're making.""- @wayansjr 

#HappyTogether #CBS #TCA2018",2018-08-05 23:05:58+00:00,4.55,0.5859,0.22,-0.0,0.78,"""They played football, they joined a fraternity, they drank and partied, and it's just part of Americana: That's ho‚Ä¶ https://t.co/EG27RVgRnK",2018-09-29 14:25:05+00:00,14.95,0.0,0.0,-0.0,1.0,"Papa‚Ä¶ what? ü§îüòÇ 

A new series of Letterbox starts today at 6pm on @BBCTwo. 
https://t.co/NLP3Hx0YSK https://t.co/c8myHijbdz",2018-09-24 15:06:34+00:00,67.45
-0.3182,0.0,-0.126,0.874,"TOMORROW: @benshapiro breaks down the Kavanaugh accusations, the hearings and D.C. hypocrisy on the second edition‚Ä¶ https://t.co/fwJI1D3sLY",2018-09-30 00:12:00+00:00,3.18,0.3182,0.113,-0.0,0.887,"A woman who's paralyzed from the chest down can now consciously control her ability to walk, researchers say, thank‚Ä¶ https://t.co/6Ok6iqysN1",2018-09-29 06:01:00+00:00,7.97,0.3802,0.147,-0.0,0.853,"RT @happytogether: ""I thought I was still young and cool until I met @itsfelixwot!"" -@AmberoniStevens #HappyTogether #CBS #TCA2018",2018-08-05 23:01:25+00:00,2.73,0.0,0.0,-0.0,1.0,"""The Simpsons"" is turning 30, and the Simpsons haven't aged a day. But they have evolved, as the culture has with t‚Ä¶ https://t.co/ma5XF4aF1G",2018-09-29 14:10:08+00:00,5.05,0.6361,0.295,-0.0,0.705,"‚úàÔ∏èIs this one of the world's most beautiful airports?

https://t.co/ewqnUMEhZY https://t.co/aFxlQBAET6",2018-09-24 13:59:07+00:00,58.02
0.0,0.0,-0.0,1.0,".@POTUS on Sen. @CoryBooker: ""He ran Newark, New Jersey, into the ground and now he wants to be president.""‚Ä¶ https://t.co/TF1FLbmPKZ",2018-09-30 00:08:49+00:00,6.65,0.0,0.0,-0.0,1.0,US elections observers in a fiercely-contested state governor election in Nigeria say they witnessed what appeared‚Ä¶ https://t.co/bJkSuLEhuW,2018-09-29 05:53:02+00:00,7.0,-0.2057,0.0,-0.083,0.917,"RT @happytogether: ""We never wanted to create a show where people think ""Oh, did @Harry_Styles do that?"" -@benwinston on emphasizing that #‚Ä¶",2018-08-05 22:58:41+00:00,0.08,0.0,0.0,-0.0,1.0,"California Republican Rep. Duncan Hunter, himself indicted for misuse of campaign funds, launches ad suggesting his‚Ä¶ https://t.co/poEJN8D4dP",2018-09-29 14:05:05+00:00,15.02,-0.2247,0.0,-0.127,0.873,"So. Awkward. üçóüò≥üòÇ

When @lilyallen had to turn down chicken wings from @Drake... 

https://t.co/4pCjbGbUjY",2018-09-24 13:01:06+00:00,84.42
0.0,0.0,-0.0,1.0,".@POTUS on the border wall: ""We're building it...we'll get it finished."" https://t.co/IBcnOJrLHo",2018-09-30 00:02:10+00:00,20.2,0.3612,0.143,-0.0,0.857,Stepping into this Seoul cafe feels like entering the black-and-white world of a cartoon https://t.co/fKJfO91Bp0 vi‚Ä¶ https://t.co/pX1D1hCjb7,2018-09-29 05:46:02+00:00,0.03,0.0,0.0,-0.0,1.0,RT @happytogether: .@wayansjr is quick to point out that the characters in #HappyTogether are fictional. #CBS #TCA2018,2018-08-05 22:58:36+00:00,5.4,0.3818,0.14,-0.0,0.86,Here are 3 things an FBI investigation into Christine Blasey Ford's allegations against Kavanaugh could clear up. https://t.co/pYa7vXEijl,2018-09-29 13:50:04+00:00,13.73,0.6597,0.213,-0.0,0.787,"RT @bbcpress: Who were your #BluePeter presenters growing up? üéÇ6‚É£0‚É£üéÇ The @CBBC show will celebrate 60 years next month. Facts, interviews a‚Ä¶",2018-09-24 11:36:41+00:00,27.93
0.6087,0.199,-0.0,0.801,".@POTUS: ""A vote to confirm Judge Kavanaugh is a vote to confirm one of the most accomplished legal minds of our ti‚Ä¶ https://t.co/YJqvAitmI1",2018-09-29 23:41:58+00:00,5.38,0.0,0.0,-0.0,1.0,300 glowing drones illuminate the night sky in this choreographed spectacle https://t.co/B2RhWYaYzt https://t.co/u55NzjyaCD,2018-09-29 05:46:00+00:00,15.0,-0.0572,0.0,-0.064,0.936,"RT @happytogether: ""@Harry_Styles became part of the family. We didn't want him to move out."" -@benwinston #CBS #HappyTogether #TCA18",2018-08-05 22:53:12+00:00,0.8,-0.886,0.0,-0.354,0.646,"An earthquake and tsunami in Indonesia has killed nearly 400 people in one city alone, and the death toll could ris‚Ä¶ https://t.co/McBorQCrn7",2018-09-29 13:36:20+00:00,4.45,0.4019,0.172,-0.0,0.828,"Christina set up ‚ÄòSandwich Angels‚Äô to help feed Manchester‚Äôs homeless community. (Via @bbcthree)

https://t.co/Xq0WVgZFFe",2018-09-24 11:08:45+00:00,66.63
-0.4131,0.089,-0.166,0.745,".@POTUS on @SenFeinstein's response that she didn't leak the Ford document: ""That was really bad body language. Who‚Ä¶ https://t.co/v5mi6skXKo",2018-09-29 23:36:35+00:00,5.33,0.1531,0.118,-0.0,0.882,Watch a seal slap a kayaker in the face -- with an octopus: https://t.co/o5zJ8GhVv8 https://t.co/DpY14vwL6v,2018-09-29 05:31:00+00:00,3.38,-0.3612,0.059,-0.121,0.82,"RT @happytogether: ""It's about Cooper who wants nothing but normality and a boring life, and Jake and Claire, who want more excitement."" -@‚Ä¶",2018-08-05 22:52:24+00:00,3.3,0.5267,0.405,-0.0,0.595,"Today, be kind to yourself
https://t.co/t4zSIkZ2bA",2018-09-29 13:31:53+00:00,16.78,0.0,0.0,-0.0,1.0,"""Girls have rights and I have rights to an education."" üíõ

This young woman choose to teach instead of becoming a te‚Ä¶ https://t.co/lFAjrelhXI",2018-09-24 10:02:07+00:00,59.08
0.7579,0.394,-0.0,0.606,".@POTUS: ""America is winning again and America is respected again."" https://t.co/Hb6tsSeyTI https://t.co/ICF0xKg7Da",2018-09-29 23:31:15+00:00,9.0,-0.7506,0.047,-0.256,0.698,"‚ÄúI am tired of the daily chaos, the pettiness, the meanness that too often dominates the political discourse. We al‚Ä¶ https://t.co/QvRbz5c5qZ",2018-09-29 05:27:37+00:00,11.5,0.4939,0.138,-0.0,0.862,"RT @happytogether: ""It's loosely inspired (by the time @Harry_Styles lived with @benwinston), because if we put what actually happened on t‚Ä¶",2018-08-05 22:49:06+00:00,2.28,-0.1027,0.118,-0.136,0.746,"Recently widowed, they each joined a college program designed to keep older adults active and social. There, they f‚Ä¶ https://t.co/yZYzPPfzs4",2018-09-29 13:15:06+00:00,8.28,-0.128,0.0,-0.111,0.889,"üò≥üòÇ ""I'm going to leave it there because the lawyers are on the phone""

When @BBCSimonMcCoy sat down for a serious i‚Ä¶ https://t.co/HAuyMtgM2c",2018-09-24 09:03:02+00:00,13.37
0.0,0.0,-0.0,1.0,.@POTUS holds a rally in West Virginia. https://t.co/SLhMJLDbjm https://t.co/XZtJHSYDmu,2018-09-29 23:22:15+00:00,2.25,-0.6486,0.0,-0.163,0.837,Half of the world's killer whales could be wiped out before the end of the century -- and it's because of pollution‚Ä¶ https://t.co/rAgxDbsEJ6,2018-09-29 05:16:07+00:00,12.7,0.0,0.0,-0.0,1.0,RT @happytogether: It's time for the #HappyTogether panel at the #CBS #TCA18! Follow along here!,2018-08-05 22:46:49+00:00,14.2,0.4767,0.162,-0.0,0.838,"The Times fact-checked Brett Kavanaugh's hearing testimony about his drinking habits and whether friends had ""refut‚Ä¶ https://t.co/5iwyo3W7fK",2018-09-29 13:06:49+00:00,4.7,0.7184,0.231,-0.0,0.769,"RT @BBCSportWales: Are you brave enough to dive off a cliff? 

This teenager is - and he's about to make history üò≤ https://t.co/8fOgNK7URM",2018-09-24 08:49:40+00:00,47.58
0.0,0.0,-0.0,1.0,"NEW: White House instructs FBI to question first two Kavanaugh accusers, but not the third, according to a report. https://t.co/labjueHstw",2018-09-29 23:20:00+00:00,5.0,-0.8055,0.0,-0.277,0.723,At least 48 people are dead and more than 350 injured after a series of earthquakes and a tsunami hit the Indonesia‚Ä¶ https://t.co/RwzaqL0XIV,2018-09-29 05:03:25+00:00,2.28,0.4926,0.175,-0.0,0.825,RT @GodFriendedMe: Thanks for following along during the #GodFriendedMe panel at #CBS #TCA18‚Äî@HappyTogether is up next!,2018-08-05 22:32:37+00:00,0.12,0.0,0.0,-0.0,1.0,"International readers from South Africa to Scotland told us that they watched the Kavanaugh hearing: ""I don‚Äôt think‚Ä¶ https://t.co/fSnOcku47s",2018-09-29 13:02:07+00:00,20.02,0.0,0.0,-0.0,1.0,Mosquitoes are transferring plastics into the food chain. üëâ https://t.co/tjdOPX0zrn https://t.co/O4VxfryLpA,2018-09-24 08:02:05+00:00,30.97
-0.296,0.0,-0.196,0.804,"North Carolina residents should avoid Florence-affected waters, officials say. https://t.co/OJtMuNGD58",2018-09-29 23:15:00+00:00,5.9,0.0,0.0,-0.0,1.0,"Limiting kids' recreational screen time to less than 2 hours a day, along with sufficient sleep and physical activi‚Ä¶ https://t.co/iRAX2JJTQD",2018-09-29 05:01:08+00:00,10.05,0.2732,0.123,-0.0,0.877,"RT @GodFriendedMe: ""You don't have to believe in God to believe in good."" üôå@JOEtheMORTON¬†#GodFriendedMe #CBS",2018-08-05 22:32:30+00:00,15.9,0.6369,0.174,-0.0,0.826,"Modern Love: ""I didn‚Äôt meet my girlfriend, Jessica, until 12 years after our daughter, Alice, was born. Let me expl‚Ä¶ https://t.co/RK6UxTnkIo",2018-09-29 12:42:06+00:00,20.03,0.0,0.0,-0.0,1.0,There are plans for scientists in Russia to attempt to bring woolly mammoths back from extinction. üî¨‚Ä¶ https://t.co/31HyafKzgN,2018-09-24 07:31:07+00:00,29.05
0.4939,0.225,-0.0,0.775,"'It Was Heartbreaking': Friend of Kavanaugh Reacts to Hearings, FBI Probe. https://t.co/ZDOJPImbEz",2018-09-29 23:09:06+00:00,17.1,0.0,0.0,-0.0,1.0,11 state lawmakers in Maryland have asked Montgomery County law enforcement officials to investigate the 36-year-ol‚Ä¶ https://t.co/uTbEB6D1nr,2018-09-29 04:51:05+00:00,4.98,0.2716,0.095,-0.0,0.905,RT @GodFriendedMe: ‚ÄúIt‚Äôs incredibly important to us that we‚Äôre not a show that‚Äôs preachy or judgmental. Whether you believe or don‚Äôt believ‚Ä¶,2018-08-05 22:16:36+00:00,0.12,-0.8555,0.0,-0.37,0.63,Scraps of a former NFL lineman‚Äôs diary found after his death offer a painful glimpse of a football player losing hi‚Ä¶ https://t.co/dCXMjYGPjF,2018-09-29 12:22:04+00:00,20.03,0.0,0.0,-0.0,1.0,This is the most hardcore baptism you‚Äôll ever see - a mum carrying her baby to a church up a near-vertical cliff fa‚Ä¶ https://t.co/RXxvIRWdyS,2018-09-24 07:02:04+00:00,537.57
-0.296,0.118,-0.175,0.708,.@kayleighmcenany: Kavanaugh horror show is what Washington will look like if Democrats take back power. (via‚Ä¶ https://t.co/tj5Ljdexr2,2018-09-29 22:52:00+00:00,7.0,0.5106,0.231,-0.0,0.769,A half-hearted cheer for Jeff Flake | By Noah Berlatsky via @CNNOpinion https://t.co/3kHtzmYg4O https://t.co/YGFg5fMJm1,2018-09-29 04:46:06+00:00,15.1,-0.4973,0.0,-0.133,0.867,"RT @GodFriendedMe: ""Our feet are on the ground. Our characters are not angels, they‚Äôre not heavenly, they‚Äôre just real people. The 'opposin‚Ä¶",2018-08-05 22:16:29+00:00,0.17,-0.3182,0.0,-0.223,0.777,"How the FBI will investigate the Kavanaugh accusations
https://t.co/qAgTITm5RS",2018-09-29 12:02:02+00:00,19.97,0.128,0.124,-0.103,0.773,"RT @BBCOne: 157 crew.
88 shoot days.
56 cast.
23 stunt performers.
6 episodes.
2 directors.
1 writer.
1 epic finale. 

Thanks for watching‚Ä¶",2018-09-23 22:04:30+00:00,92.12
0.1531,0.25,-0.165,0.585,Canadian woman‚Äôs text to the wrong number brings a kind stranger to family wake. https://t.co/ImY62ql3MG,2018-09-29 22:45:00+00:00,0.0,0.2942,0.154,-0.0,0.846,"""What is... yes?"" A ""Jeopardy!"" contestant surprised his girlfriend with a marriage proposal https://t.co/tey6M6LEfv https://t.co/qTnnGcWILe",2018-09-29 04:31:00+00:00,0.0,0.0,0.0,-0.0,1.0,RT @GodFriendedMe: Follow along with us as we live-tweet the #GodFriendedMe panel at #CBS #TCA18 with stars @hall_m_brandon @violettbeane @‚Ä¶,2018-08-05 22:16:19+00:00,0.0,-0.8591,0.0,-0.373,0.627,Facebook said that attackers exploited a weakness that enabled them to hijack the accounts of nearly 50 million use‚Ä¶ https://t.co/07YBUT2bjk,2018-09-29 11:42:04+00:00,0.0,-0.7398,0.0,-0.288,0.712,"RT @BBCOne: Just David Budd, having the epitome of a VERY BAD DAY. #Bodyguard https://t.co/uuz9xTSusb",2018-09-23 20:32:23+00:00,0.0
